location,elevation_m
katoomba,497.20131910237416
katoomba,571.9297778917105
katoomba,1474.7463586104027
katoomba,1271.2128668205676
katoomba,524.6976907897915
katoomba,666.2078091154373
katoomba,596.7035048746774
katoomba,1330.008257145235
katoomba,615.1422897708604
katoomba,1067.4001987801312
katoomba,1395.5516809137223
katoomba,575.0059322208656
katoomba,1297.9472314205136
katoomba,770.6029338054773
katoomba,117.28877448395632
katoomba,885.6084043788278
katoomba,1141.1682517422796
katoomba,662.2635954957716
katoomba,140.14439706871542
katoomba,1165.6472851365702
katoomba,456.66549588690617
katoomba,395.5016098839812
katoomba,548.3813680876574
katoomba,1008.8350748321649
katoomba,634.1633165806346
katoomba,165.74452680448104
katoomba,1297.523837185207
katoomba,1429.7260850557118
katoomba,930.5202639235562
katoomba,351.1935265334922
katoomba,1393.476470510123
katoomba,383.11043237034386
katoomba,1404.0411808157494
katoomba,1093.485039883876
katoomba,123.44295325699053
katoomba,197.93175173978432
katoomba,997.7466989351885
katoomba,632.2383318491713
katoomba,821.6220235935118
katoomba,550.0048792745154
katoomba,619.8911471756919
katoomba,965.9630821236836
katoomba,1497.7297339060133
katoomba,1101.4414743908483
katoomba,758.4730674690396
katoomba,1468.4812255753116
katoomba,761.0058729443901
katoomba,376.48338657145405
katoomba,507.37581492768544
katoomba,1303.311008774956
katoomba,844.8049140757238
katoomba,168.93809886491135
katoomba,391.5192294187594
katoomba,1021.754200447386
katoomba,590.0047705494217
katoomba,743.9974032168719
katoomba,1329.6471548193615
katoomba,660.1113104399092
katoomba,833.8975576505892
katoomba,955.1077511730334
katoomba,206.86705931608986
katoomba,1440.019863674869
katoomba,178.8846882441747
katoomba,811.4568864928378
katoomba,1168.6211914936407
katoomba,370.22962639174756
katoomba,1355.7221018963614
katoomba,812.6456564411671
katoomba,119.92604964078919
katoomba,797.4556912598608
katoomba,383.5819513913524
katoomba,464.60456797373627
katoomba,565.127098552271
katoomba,1445.5007155509302
katoomba,451.0809963071679
katoomba,279.93838751429007
katoomba,317.70116797371
katoomba,930.7089181901559
katoomba,756.7547740458041
katoomba,1360.8701284578556
katoomba,1332.3945260835599
katoomba,352.9443527389352
katoomba,545.5518610957897
katoomba,590.1574638081997
katoomba,532.1672008907656
katoomba,564.4514782505439
katoomba,128.16002188949582
katoomba,258.8900399124167
katoomba,660.6169838738532
katoomba,1231.6027867781422
katoomba,1305.2006964083655
katoomba,650.2458201127532
katoomba,860.1132905404617
katoomba,1056.8689916029066
katoomba,1076.0838722172916
katoomba,681.4277608209206
katoomba,854.2702978675493
katoomba,1124.737717225798
katoomba,349.62537706621936
katoomba,741.7825206434342
katoomba,1173.335799166471
katoomba,299.1385642017725
katoomba,107.76600927201478
katoomba,1226.6922580705075
katoomba,1215.2081739412122
katoomba,107.79915926488286
katoomba,992.7409550309037
katoomba,980.9355269356267
katoomba,482.53585940538136
katoomba,314.47729979885605
katoomba,1065.6820148213596
katoomba,902.54672204315
katoomba,323.4857293933591
katoomba,458.4355825782374
katoomba,1342.6647190749486
katoomba,946.6655350612617
katoomba,776.3312075851827
katoomba,986.2018837141649
katoomba,1499.5761213988783
katoomba,591.2105928201695
katoomba,1283.931781116943
katoomba,382.5619953440474
katoomba,1493.9790097223406
katoomba,954.0686818654891
katoomba,418.18046594270805
katoomba,407.1110101178874
katoomba,1051.7201934723364
katoomba,1042.9560078915706
katoomba,581.7791724817145
katoomba,627.8443981560416
katoomba,1068.6945328290649
katoomba,728.9958912766602
katoomba,644.6365722460137
katoomba,535.6809365183253
katoomba,423.199793564144
katoomba,1118.3132261162118
katoomba,815.2511850894426
katoomba,1430.2590286743207
katoomba,507.5231531370553
katoomba,772.6016384937125
katoomba,271.53404564596724
katoomba,154.09773088984915
katoomba,1464.1300691232286
katoomba,194.7130193107046
katoomba,338.1391018706072
katoomba,1391.3093336547186
katoomba,971.826874590795
katoomba,1464.8407866569567
katoomba,204.39247702746894
katoomba,406.390714419127
katoomba,1205.0587025621496
katoomba,487.442019105981
katoomba,1072.7646495814201
katoomba,476.2008041002404
katoomba,838.0043066318112
katoomba,575.9816287080796
katoomba,1024.2079584142232
katoomba,1367.7292808330483
katoomba,426.86749106621204
katoomba,1174.4064646965865
katoomba,817.8410118023794
katoomba,257.1175227274226
katoomba,181.27031970143565
katoomba,760.764766782378
katoomba,578.281134397475
katoomba,804.2341689822058
katoomba,183.20061375076727
katoomba,669.5394540398211
katoomba,551.5169576910068
katoomba,314.41698063597767
katoomba,616.6859473364335
katoomba,346.4703976365492
katoomba,290.1603894245294
katoomba,798.5081790972248
katoomba,251.26041456628613
katoomba,760.1883486759672
katoomba,627.9255674149688
katoomba,294.4975502774013
katoomba,507.90735685482935
katoomba,1326.9454899702912
katoomba,116.5458946437817
katoomba,440.8473593752572
katoomba,1272.4852074081286
katoomba,1145.0010200898985
katoomba,1315.5232028934897
katoomba,186.2280496385459
katoomba,879.7286943477712
katoomba,1318.5886482886924
katoomba,209.18716785755458
katoomba,861.0899696864872
katoomba,1327.4094105303263
katoomba,310.20704230299725
katoomba,347.67649608921295
katoomba,489.391677384411
katoomba,1303.5332142574346
katoomba,1066.630688343794
katoomba,535.0867081221775
katoomba,504.3741341490619
katoomba,417.3495324033208
katoomba,664.3463888558771
katoomba,1304.8403560736306
katoomba,1267.7428709750545
katoomba,1195.868486766659
katoomba,159.1154970776474
katoomba,1450.8490767149913
katoomba,1162.6194317977759
katoomba,1234.2283766765997
katoomba,1158.601191467429
katoomba,814.7950682575818
katoomba,1144.8177755525378
katoomba,667.9261595179746
katoomba,1435.9867338699494
katoomba,892.3949195591007
katoomba,1078.7639356298605
katoomba,663.4184220340286
katoomba,858.9659818274685
katoomba,758.9031128696788
katoomba,879.2068670725912
katoomba,786.3320252939989
katoomba,447.2910047075378
katoomba,905.4660953102621
katoomba,1257.2366871785302
katoomba,1487.4676617350021
katoomba,1142.078225335065
katoomba,123.74018490200216
katoomba,1303.3560674179705
katoomba,616.3813134466421
katoomba,879.4126160927395
katoomba,1488.7491947980573
katoomba,732.5712098317433
katoomba,610.9096045342844
katoomba,230.40915035959495
katoomba,481.08536198259844
katoomba,1150.5470615058957
katoomba,1256.1687454574167
katoomba,149.96290812557513
katoomba,378.8436080393335
katoomba,1131.8517256404546
katoomba,820.220931190782
katoomba,746.3755053114679
katoomba,1282.8432845858677
katoomba,1284.2170275881365
katoomba,975.822294515216
katoomba,916.0195225931102
katoomba,133.24540418988443
katoomba,1456.026053995239
katoomba,789.0483005749776
katoomba,1368.1146089522313
katoomba,139.75857469365275
katoomba,1249.9694339451755
katoomba,773.9063757585105
katoomba,706.1901978074479
katoomba,582.0274672920772
katoomba,1051.4056609038892
katoomba,1074.7389664854456
katoomba,561.7025718070522
katoomba,1366.4115700969078
katoomba,224.3246180820431
katoomba,933.8584858307253
katoomba,811.9680962504779
katoomba,528.4754699298342
katoomba,711.7730765079316
katoomba,739.0907114151138
katoomba,725.9523008754973
katoomba,770.6325673474645
katoomba,103.48950381118169
katoomba,277.6092441133628
katoomba,895.3249288338477
katoomba,755.9654253991796
katoomba,320.2416291014912
katoomba,1454.1451842769357
katoomba,787.6419574464843
katoomba,1058.6351666912306
katoomba,1308.2191181471676
katoomba,1257.7419063188584
katoomba,892.2166054642171
katoomba,332.20880216759326
katoomba,1405.6368845953643
katoomba,286.13575775080665
katoomba,581.0229770176172
katoomba,1000.0092194375125
katoomba,1128.0626193740238
katoomba,600.0815191699523
katoomba,100.79117348034295
katoomba,1383.3455923058111
katoomba,1155.800475270236
katoomba,364.3853576716223
katoomba,1221.3408779474134
katoomba,266.9120361016138
katoomba,493.5182448814891
katoomba,131.74005397996885
katoomba,1140.5751041266858
katoomba,1300.8564313906593
katoomba,177.83530856250013
katoomba,347.0022501601943
katoomba,865.2643582173906
katoomba,619.008196976734
katoomba,422.4685099242378
katoomba,832.0358387417523
katoomba,325.8567301811977
katoomba,1463.7772393725747
katoomba,1481.1149968992802
katoomba,717.5905676743874
katoomba,120.62168301884168
katoomba,110.07334967120279
katoomba,865.0707569344996
katoomba,1068.3814239108353
katoomba,1336.2339260916647
katoomba,238.30844837810076
katoomba,785.0408081192868
katoomba,1439.4623522901513
katoomba,143.0319125425575
katoomba,957.0055499307462
katoomba,861.1597751000329
katoomba,567.7204224289792
katoomba,965.1120692310044
katoomba,239.84195873596724
katoomba,1015.5859018782419
katoomba,1437.4204842178908
katoomba,896.001020775138
katoomba,377.1814246008391
katoomba,1456.8770865943907
katoomba,1081.392996933275
katoomba,955.4849294812819
katoomba,1163.1879217322446
katoomba,1416.871122937311
katoomba,384.0363222508289
katoomba,324.54720925714935
katoomba,1001.9416094823305
katoomba,860.4532370760937
katoomba,134.3711442114859
katoomba,107.41620111094352
katoomba,1440.3803471035278
katoomba,913.2160370159862
katoomba,547.4942189197875
katoomba,1396.6638203285543
katoomba,1395.6934346494152
katoomba,920.6208248495565
katoomba,424.5579471692884
katoomba,825.0179563082979
katoomba,1010.0159322652918
katoomba,1019.0337296006134
katoomba,777.6615481235325
katoomba,130.76694055799516
katoomba,609.0726095778314
katoomba,890.3171299539932
katoomba,305.97847794889424
katoomba,582.013544309678
katoomba,911.0010660419464
katoomba,722.9862947380774
katoomba,726.4403156006892
katoomba,1147.539158010972
katoomba,377.25115958344253
katoomba,1135.3627193551074
katoomba,798.52425542715
katoomba,1309.7583919537017
katoomba,808.7695925649087
katoomba,668.1660197508476
katoomba,1356.7166053910505
katoomba,523.0379392261868
katoomba,954.1267395594292
katoomba,649.7540711191302
katoomba,917.712409680272
katoomba,836.8237071133284
katoomba,1018.9893151070398
katoomba,612.7968048171311
katoomba,439.6963862742786
katoomba,280.59311411355566
katoomba,132.17704527070558
katoomba,1431.0459768723333
katoomba,598.4084004096403
katoomba,548.8651673863415
katoomba,685.3803886875859
katoomba,350.6377790560231
katoomba,309.2087826255208
katoomba,374.4964595601044
katoomba,815.1025987550697
katoomba,394.1563599272725
katoomba,978.5414659438547
katoomba,836.6353411733553
katoomba,592.1221622921682
katoomba,866.4060459787844
katoomba,1247.7547029707803
katoomba,322.840218356273
katoomba,430.07224128465424
katoomba,581.2058415857939
katoomba,1413.2657788272709
katoomba,561.3843990765486
katoomba,788.4230943376206
katoomba,915.2578766828132
katoomba,1346.1771990204556
katoomba,419.3266397277322
katoomba,348.33635115564647
katoomba,727.3161060932042
katoomba,887.2360426538177
katoomba,515.7224510652101
katoomba,838.4144638404389
katoomba,913.2072398162959
katoomba,607.3311722740673
katoomba,547.6374487636667
katoomba,373.157736822754
katoomba,673.6151521067886
katoomba,795.494439471812
katoomba,1197.5616250966227
katoomba,237.02050911769516
katoomba,899.6663957395905
katoomba,1459.0057922034966
katoomba,379.8319639566764
katoomba,857.4196400151801
katoomba,412.23006755782114
katoomba,466.0573148330064
katoomba,238.11328416645145
katoomba,654.7459034859112
katoomba,827.2029268940113
katoomba,118.60953369361596
katoomba,1088.9631973298433
katoomba,837.8763343287476
katoomba,1213.7631067316204
katoomba,842.76588313006
katoomba,1039.8937800465856
katoomba,494.9063063222571
katoomba,655.9461429045857
katoomba,1468.8120896583653
katoomba,773.3820204938386
katoomba,536.5728334993137
katoomba,987.9318243471229
katoomba,1341.1913509883482
katoomba,358.32626865706794
katoomba,457.51194080645433
katoomba,108.25520943840708
katoomba,927.0258578445407
katoomba,384.59342787299096
katoomba,216.2232273852633
katoomba,1341.9919354758467
katoomba,396.3267529309543
katoomba,145.6647378707192
katoomba,156.36368692968546
katoomba,1306.285164506281
katoomba,532.4187018818012
katoomba,182.69348282169517
katoomba,1228.8588176830922
katoomba,1487.7725918894446
katoomba,1152.20448046199
katoomba,1379.2379787991356
katoomba,350.6744083901985
katoomba,826.8582441566884
katoomba,761.2130050800291
katoomba,554.9302741874885
katoomba,1237.053134096422
katoomba,902.849934212196
katoomba,1220.2980584046297
katoomba,1306.5508977743764
katoomba,294.4097450976882
katoomba,1131.582676522058
katoomba,1390.7744315059965
katoomba,1016.3727364824623
katoomba,1339.8378299094877
katoomba,427.3923737190306
katoomba,461.5462627122968
katoomba,562.9107228660505
katoomba,1189.9162761048383
katoomba,901.2120496475164
katoomba,698.2023251336823
katoomba,633.5020213024106
katoomba,1342.6945060281469
katoomba,814.9450398982639
katoomba,197.6363444297288
katoomba,791.1450400442551
katoomba,1288.912297180153
katoomba,1075.6403501721766
katoomba,1252.565743349828
katoomba,1232.1137308719829
katoomba,892.387533782064
katoomba,521.1099238241638
katoomba,431.22651176829993
katoomba,837.2432801977286
katoomba,556.8236723460477
katoomba,1290.0905454977924
katoomba,250.5849548067072
katoomba,1455.2704266805213
katoomba,1495.6701942417358
katoomba,710.5944549254023
katoomba,1155.2758958053785
katoomba,1103.5571345670933
katoomba,478.9432818267906
katoomba,1411.8957536518692
katoomba,848.0762953852285
katoomba,1424.6152165263388
katoomba,123.29901549466335
katoomba,124.37336917525286
katoomba,1046.9851645206656
katoomba,1235.0072496586033
katoomba,1136.0138792225796
katoomba,714.8792835228539
katoomba,343.3107903865914
katoomba,395.7020366088239
katoomba,194.88264209502967
katoomba,865.4513061362015
katoomba,121.16814558838738
katoomba,580.0857109543458
katoomba,587.2282061451203
katoomba,552.6476031473935
katoomba,1375.5777219598158
katoomba,1077.1627021559807
katoomba,629.0172697701026
katoomba,271.45551546849424
katoomba,1042.6107068832857
katoomba,916.7443189599193
katoomba,982.8205950438736
katoomba,1406.6393921430538
katoomba,1452.880462397038
katoomba,942.1768886678399
katoomba,1433.3814138599098
katoomba,619.0600804744593
katoomba,501.5010636812259
katoomba,1280.8860118955051
katoomba,389.1233833864264
katoomba,797.6153381954833
katoomba,365.37994488191947
katoomba,797.9247993359604
katoomba,169.0539874682617
katoomba,370.53166806146317
katoomba,560.4762097834316
katoomba,706.4556152169196
katoomba,645.4308431566623
katoomba,252.47809422782598
katoomba,828.9494311938961
katoomba,1283.9033893734975
katoomba,1479.124620573772
katoomba,1065.3334418040404
katoomba,750.1057087744634
katoomba,671.1693526822081
katoomba,480.4491489825186
katoomba,1183.0576473470276
katoomba,1322.6166594681747
katoomba,1036.406009142865
katoomba,1125.145134677413
katoomba,468.73814857941136
katoomba,365.84390157685925
katoomba,210.3872574603712
katoomba,1019.1025318477595
katoomba,255.7136682928103
katoomba,277.26019643734617
katoomba,1011.1674988140103
katoomba,300.83956782962287
katoomba,220.5964700569739
katoomba,560.4203456847213
katoomba,1287.9357358756733
katoomba,926.0522064952572
katoomba,917.570197254938
katoomba,1465.6648963899142
katoomba,1244.2590484863595
katoomba,334.8542526825121
katoomba,1226.754033791024
katoomba,1049.344998891445
katoomba,1470.9838826219968
katoomba,551.3677902977574
katoomba,1176.3167693553207
katoomba,827.4502584318543
katoomba,1347.0189275691569
katoomba,850.3028162898889
katoomba,579.7227328408426
katoomba,1042.238257963515
katoomba,359.26965206401064
katoomba,904.2334808566013
katoomba,1495.1786169457896
katoomba,981.3321196054408
katoomba,1215.5393478395
katoomba,934.496655555743
katoomba,1248.4686664400879
katoomba,821.0998208780182
katoomba,556.1829953372535
katoomba,832.6332756277355
katoomba,898.8290816390086
katoomba,1419.9550735147732
katoomba,1182.228708701655
katoomba,179.89961977731605
katoomba,1002.0846934385863
katoomba,639.8152429864806
katoomba,1007.1219871193723
katoomba,1341.6042519079044
katoomba,1281.7152259502238
katoomba,611.3261730899467
katoomba,139.93483068517398
katoomba,1185.3949442790997
katoomba,1171.249825993399
katoomba,1326.875211806388
katoomba,627.6384577278313
katoomba,848.4588730026014
katoomba,1000.4318484938328
katoomba,302.9809012862572
katoomba,928.5803588400722
katoomba,760.3235518498
katoomba,385.6858732476161
katoomba,400.8200212442391
katoomba,1339.4312560990013
katoomba,1364.753097830845
katoomba,798.375975846309
katoomba,1406.6119463163266
katoomba,432.2658606565313
katoomba,1498.2543462611757
katoomba,1152.39513417858
katoomba,342.75576291015517
katoomba,1099.2960509673692
katoomba,1477.2652790139114
katoomba,127.80048761917948
katoomba,1118.309437570671
katoomba,1101.1411952736867
katoomba,295.9283431172137
katoomba,296.0483379502251
katoomba,1441.7317499825233
katoomba,282.4127212438193
katoomba,982.4434946641071
katoomba,1035.5078504924309
katoomba,1006.6077926070557
katoomba,1284.0084888364515
katoomba,455.6326159585881
katoomba,718.4304457388752
katoomba,1300.40304892151
katoomba,694.6652230772254
katoomba,1315.0107268173874
katoomba,1004.9302970875788
katoomba,555.9880982575485
katoomba,721.6743870255555
katoomba,983.2121560970363
katoomba,492.57826354494307
katoomba,1217.4117090890936
katoomba,1087.1448911597492
katoomba,236.88642112807065
katoomba,333.8261275527979
katoomba,734.6074539007872
katoomba,126.23641903982477
katoomba,1093.5965410480794
katoomba,618.2272512883736
katoomba,158.1947967583228
katoomba,213.458848938952
katoomba,588.993112648177
katoomba,1047.869489410737
katoomba,867.7459508080664
katoomba,589.4359593198786
katoomba,990.1908393911064
katoomba,906.8580251318205
katoomba,928.740395107355
katoomba,1392.065164454555
katoomba,802.0862963352544
katoomba,783.7717001398001
katoomba,1169.9534292481535
katoomba,1041.8017705134894
katoomba,172.25699688172733
katoomba,244.48097650706924
katoomba,143.90944476336688
katoomba,535.0986169718749
katoomba,824.6397508071457
katoomba,545.4755932845817
katoomba,437.86085724488134
katoomba,813.9072104067491
katoomba,395.743989060572
katoomba,1486.736887059481
katoomba,1060.3865369532336
katoomba,347.4774673843651
katoomba,1464.3974533399637
katoomba,595.750269801334
katoomba,1403.1786866955047
katoomba,1490.0696686104266
katoomba,299.90161858163606
katoomba,723.3758399821564
katoomba,897.7294462873541
katoomba,1136.6162540591404
katoomba,711.0861799444887
katoomba,422.1954701761767
katoomba,1482.0256346668925
katoomba,1157.191491774171
katoomba,310.4365353649871
katoomba,1078.007940894763
katoomba,1168.9827360165036
katoomba,891.300110973692
katoomba,593.6816663201821
katoomba,299.2879844334956
katoomba,1433.8159018708743
katoomba,255.497587266764
katoomba,1011.3549346703977
katoomba,1044.0388730311283
katoomba,466.3927568299953
katoomba,1478.3805089489767
katoomba,688.2012903706079
katoomba,298.47679229311996
katoomba,779.071369125795
katoomba,1163.290269592722
katoomba,202.81219017627438
katoomba,186.18740484666108
katoomba,293.33702824157945
katoomba,773.303814549982
katoomba,1250.09714346021
katoomba,329.95257757486775
katoomba,736.323187779453
katoomba,339.0435703826519
katoomba,1296.086956939819
katoomba,1221.6313692877752
katoomba,996.5202834537284
katoomba,731.6045608318104
katoomba,1080.7416995003396
katoomba,742.402613258103
katoomba,1239.315149496688
katoomba,1106.788837953284
katoomba,557.8664448983045
katoomba,400.87646985279383
katoomba,352.08142482196035
katoomba,1164.3736216824316
katoomba,1259.7617421428183
katoomba,525.0294952030778
katoomba,288.98382199727473
katoomba,708.2012516043926
katoomba,1392.2616329753287
katoomba,678.2079675953405
katoomba,668.5620612162965
katoomba,834.7527977999285
katoomba,567.1520986134562
katoomba,732.4511175473533
katoomba,1325.809323562839
katoomba,200.2939980881523
katoomba,928.9197088156044
katoomba,1076.6912672787907
katoomba,365.4014934314983
katoomba,626.4721304975511
katoomba,1187.9640213694802
katoomba,1430.6905255245629
katoomba,761.5169187321419
katoomba,1009.5434214242553
katoomba,1329.3583292510896
katoomba,1418.8526298907332
katoomba,943.8018296579158
katoomba,878.2301552331719
katoomba,638.4364616097813
katoomba,1183.2442488190034
katoomba,788.9267254128634
katoomba,314.40240935715747
katoomba,1149.4237157218736
katoomba,1429.773834373262
katoomba,1372.848837190942
katoomba,244.20780880398982
katoomba,325.6887954801199
katoomba,777.2253943651269
katoomba,726.8438893305042
katoomba,337.5593603973193
katoomba,777.6980503513964
katoomba,633.9162328516262
katoomba,1076.9317521326955
katoomba,360.0715143207018
katoomba,722.73734798185
katoomba,663.3991153459813
katoomba,417.69280093903257
katoomba,498.1622926329057
katoomba,1064.6927512905913
katoomba,352.208154723429
katoomba,786.8069374169661
katoomba,506.0920317322978
katoomba,702.6913879543805
katoomba,1308.8771491051941
katoomba,1143.9254660865909
katoomba,1385.1027152694642
katoomba,1073.4903840731859
katoomba,917.5983572653577
katoomba,1309.705576926857
katoomba,862.5952661412117
katoomba,1227.038989199482
katoomba,739.2005437587472
katoomba,166.62665171669596
katoomba,161.47274359835006
katoomba,1189.337494254618
katoomba,129.9992067737089
katoomba,496.76676739165475
katoomba,380.61428432700217
katoomba,994.0139418241265
katoomba,1458.3059831785695
katoomba,226.89054187281272
katoomba,400.2231150053216
katoomba,999.7369878007017
katoomba,1321.327323710635
katoomba,731.9164349859465
katoomba,703.0358512904827
katoomba,916.8062401413637
katoomba,1086.6710190912095
katoomba,1193.3675381840262
katoomba,946.3368192520821
katoomba,1385.4955292050497
katoomba,891.6903585687796
katoomba,144.17830608004616
katoomba,1241.2959270746856
katoomba,881.3254494134037
katoomba,895.2511444198988
katoomba,1005.2015362272512
katoomba,705.0225969816636
katoomba,1363.2699562972375
katoomba,1004.637938467571
katoomba,1430.0821031099713
katoomba,441.0239064723731
katoomba,622.7057313249251
katoomba,834.1082733745064
katoomba,457.78096561015997
katoomba,468.9165788792589
katoomba,1167.2434659469618
katoomba,309.2102089645398
katoomba,1107.700897389249
katoomba,396.75957474908057
katoomba,913.3634490206261
katoomba,581.9120667874552
katoomba,250.126965778144
katoomba,459.56556995745746
katoomba,1051.146259125196
katoomba,987.5548095281094
katoomba,1427.6737901372042
katoomba,249.91461790424617
katoomba,654.7282741439238
katoomba,348.8097830925003
katoomba,1293.222325582665
katoomba,434.56514813412423
katoomba,665.3645357124825
katoomba,343.37024186865006
katoomba,709.2214142926691
katoomba,125.9815806210723
katoomba,1095.230608101558
katoomba,694.1478639889084
katoomba,105.42357967948487
katoomba,516.728857064802
katoomba,1421.4401478373957
katoomba,783.3340829341041
katoomba,863.2523312498525
katoomba,851.7719264652006
katoomba,1327.1929006905457
katoomba,1152.923725720646
katoomba,414.26168191342816
katoomba,1443.1519698785685
katoomba,607.6459884919857
katoomba,1216.9870156308361
katoomba,200.45661727476443
katoomba,1360.0541960080013
katoomba,1081.4789779416778
katoomba,1490.0694103686205
katoomba,654.7364133663144
katoomba,531.1660103090131
katoomba,1373.3949222156884
katoomba,730.4780770709497
katoomba,292.3862174635427
katoomba,786.5545899718743
katoomba,1207.8824830072151
katoomba,1324.320329387074
katoomba,325.67459216985037
katoomba,488.24728247583636
katoomba,1436.183516686658
katoomba,527.0597205736947
katoomba,280.028220668677
katoomba,647.8068582485971
katoomba,892.7484938684146
katoomba,241.96317740069546
katoomba,1494.3592795590782
katoomba,1037.931656480259
katoomba,652.8806436246625
katoomba,470.0330040283559
katoomba,187.1408159194699
katoomba,541.7771179756528
katoomba,499.169028098408
katoomba,1239.364978206661
katoomba,797.100960739341
katoomba,902.0884479139077
katoomba,789.5408396098369
katoomba,1392.2740015177485
katoomba,331.2898805327527
katoomba,1283.1775529374315
katoomba,1246.5585736005285
katoomba,753.7751411224363
katoomba,982.5725175134619
katoomba,718.0848059869546
katoomba,1207.3582563460127
katoomba,126.48566128251981
katoomba,975.505500763283
katoomba,886.9231420512859
katoomba,304.4137198621216
katoomba,140.4743837771649
katoomba,615.29611344925
katoomba,545.6909095774103
katoomba,742.7461300013866
katoomba,130.36831739629372
katoomba,898.7816441495102
katoomba,757.2895008471953
katoomba,1412.5422688890665
katoomba,1030.1873826573478
katoomba,610.5513821577456
katoomba,1079.1407796187882
katoomba,891.6680342296801
katoomba,879.5547820459931
katoomba,1408.2036158072249
katoomba,827.3362476116397
katoomba,1474.489438910737
katoomba,507.0480043317891
katoomba,1306.661363281271
katoomba,232.07943516068184
katoomba,205.2935018803326
katoomba,1023.3476348363644
katoomba,874.159753935931
katoomba,1451.18811041393
katoomba,1168.3627494392324
katoomba,1035.977956996359
katoomba,784.2711659992451
katoomba,725.8843106771474
katoomba,1041.714788548874
katoomba,597.4883765586596
katoomba,1317.1848446346996
katoomba,783.5430064217257
katoomba,971.4447929297122
katoomba,1066.2615392241835
katoomba,315.98958216657337
katoomba,991.4373706307302
katoomba,1081.4326677647146
katoomba,1052.2293958557543
katoomba,1396.7015760643367
katoomba,1212.977022242937
katoomba,1040.8097423777963
katoomba,1035.5357998666173
katoomba,619.5320221000917
katoomba,397.5305237863759
katoomba,1370.1009402227007
katoomba,238.18009764588606
katoomba,577.2667640627296
katoomba,444.97017348397713
katoomba,852.673156523041
katoomba,677.7987581936063
katoomba,360.72094712366925
katoomba,1011.749337314931
katoomba,674.7465539617076
katoomba,923.1593477167714
katoomba,778.4103777778782
katoomba,669.3482711634238
katoomba,1002.8645516070097
katoomba,1098.7424176911454
katoomba,772.2732482303246
katoomba,739.2683714949486
katoomba,1012.1289630979968
katoomba,242.7946896347973
katoomba,1496.724862710563
katoomba,937.0529330956609
katoomba,552.4416240085601
katoomba,1260.4845540974852
katoomba,595.931088550517
katoomba,749.8380969704182
katoomba,1414.0858109555486
katoomba,632.746523731876
katoomba,666.8885699720323
katoomba,1204.0663545438522
katoomba,922.454286286629
katoomba,645.8408013355266
katoomba,251.4834610079418
katoomba,1269.793033874232
katoomba,1488.4655713068441
katoomba,841.4377827906944
katoomba,1155.7125976731993
katoomba,585.7910758309256
katoomba,735.1155318060963
katoomba,1190.9684125329225
katoomba,1301.9651878871364
katoomba,928.132606995948
katoomba,209.89620401369177
katoomba,558.9288462339782
katoomba,1489.0621301258227
katoomba,176.45851116266715
katoomba,1324.1961031657506
katoomba,798.5435481767742
katoomba,608.8856895231266
katoomba,544.5200884685339
katoomba,1384.435325407188
katoomba,1211.8900952350298
katoomba,210.4066385046847
katoomba,176.08957636899365
katoomba,535.4180456031235
katoomba,170.7708474332701
katoomba,1313.2731786035652
katoomba,1183.5738029800968
katoomba,1144.1850174186823
katoomba,383.5523398979348
katoomba,337.4235796238226
katoomba,568.7199848532439
katoomba,251.83381632155027
katoomba,855.6218616726036
katoomba,1351.9896737344861
katoomba,1333.6127018086984
katoomba,890.7401273801456
katoomba,1419.9520623846386
katoomba,155.8679086321311
katoomba,492.10622916981276
katoomba,714.7716386794593
katoomba,1309.9182213580361
katoomba,368.86876941831827
katoomba,554.0964773048316
katoomba,1156.2404687598048
katoomba,824.2409876674435
katoomba,1317.9834981783365
katoomba,946.6543391330167
katoomba,720.8103580162965
katoomba,1278.328163995112
katoomba,557.7531686837328
katoomba,1308.0889769579276
katoomba,609.2184216893013
katoomba,517.1037665099923
katoomba,1036.440690833721
katoomba,967.7452741426846
katoomba,1406.684657812475
katoomba,358.4969402836777
katoomba,191.68026148236464
katoomba,874.0594915802616
katoomba,345.82430769855375
katoomba,1098.7393745088782
katoomba,836.8389260009169
katoomba,732.3058310645998
katoomba,283.07993817742
katoomba,363.796307974714
katoomba,658.0783378433495
katoomba,373.83892262891794
katoomba,719.1609681363084
katoomba,451.5840501556305
katoomba,1368.321392820045
katoomba,1236.171412909592
katoomba,254.54487557931276
katoomba,866.0561703572189
katoomba,630.1456210991917
katoomba,851.0397230739785
katoomba,303.82607662903365
katoomba,447.91743458870445
katoomba,1186.8083464147799
katoomba,319.6502404647313
katoomba,1352.473732808246
katoomba,916.6205647412994
katoomba,1374.3480135545692
katoomba,718.1893424978841
katoomba,593.2442432903442
katoomba,732.4985238570139
katoomba,1313.1286754671137
katoomba,1014.9683064288142
katoomba,118.0098644723258
katoomba,876.9289466126278
katoomba,642.1971993721488
katoomba,1334.1534191509108
katoomba,369.3495126626878
katoomba,378.0744454771937
katoomba,423.48322779736185
katoomba,1050.8672719812298
katoomba,964.2049683316125
katoomba,1271.0504190744828
katoomba,1257.8298277728552
katoomba,1257.9990838956137
katoomba,945.8143122818403
katoomba,482.04676386985915
katoomba,1301.1593001748931
katoomba,866.7872723219117
katoomba,756.0352349816146
katoomba,782.9120717828822
katoomba,1157.0400945792417
katoomba,1144.8561586627409
katoomba,183.39873567167388
katoomba,892.5700108217054
katoomba,957.5761103358909
katoomba,836.7649150611733
katoomba,1359.935709765471
katoomba,512.0817293440025
katoomba,945.2723998474177
katoomba,1490.843296597656
katoomba,730.0940102047394
katoomba,124.19355758951684
katoomba,426.8170387722908
katoomba,1444.7097136847565
katoomba,335.0882183274904
katoomba,1393.70773400536
katoomba,573.2141984235943
katoomba,1089.9460547441213
katoomba,157.84629879379014
katoomba,380.4255838808586
katoomba,1495.8997896584747
katoomba,991.6702975339002
katoomba,671.1542353836721
katoomba,1083.405407132615
katoomba,949.4494681220829
katoomba,810.0942053102733
katoomba,305.20729409841044
katoomba,1003.6607096366263
katoomba,1194.6942412010867
katoomba,1059.002064355136
katoomba,673.0734340627587
katoomba,139.44189523684327
katoomba,972.61095246165
katoomba,1270.660025631623
katoomba,870.2147419054179
katoomba,337.7506297545151
katoomba,264.86340345996973
katoomba,141.3303833642566
katoomba,1172.9833622238523
katoomba,484.14798411193544
katoomba,264.0126210624119
katoomba,945.3592637513314
katoomba,771.5299750110951
katoomba,340.85946957548197
katoomba,565.6676571482537
katoomba,468.0492633833626
katoomba,1303.2096317600074
katoomba,470.9284933748666
katoomba,204.35852375232656
katoomba,739.4075634356309
katoomba,1072.205591060925
katoomba,1234.151673206705
katoomba,1429.8713101973487
katoomba,314.92578326584726
katoomba,247.05441475195545
katoomba,325.3954617105776
katoomba,1218.2128211953627
katoomba,1257.552591965529
katoomba,523.6406116983169
katoomba,1148.162349286031
katoomba,1489.2218386263933
katoomba,1055.294369812427
katoomba,1057.1037681432235
katoomba,355.84970437885937
katoomba,1261.748386229055
katoomba,606.8923859959567
katoomba,496.4439667008404
katoomba,1042.3248158188776
katoomba,1041.4263992085114
katoomba,430.9700833117414
katoomba,1272.520784112609
katoomba,497.0432662548757
katoomba,320.14247924892607
katoomba,614.1791384971335
katoomba,290.5294965296228
katoomba,1373.5994564808145
katoomba,623.7603137990308
katoomba,462.2680656605184
katoomba,448.46848711904556
katoomba,1108.577384118305
katoomba,1361.2630274787996
katoomba,578.7420173984149
katoomba,429.56658044211997
katoomba,273.72742569257696
katoomba,263.3916822417046
katoomba,621.7247650931341
katoomba,157.63956593331946
katoomba,1171.1837928857985
katoomba,752.6949874501598
katoomba,286.14681030318036
katoomba,1190.9487050078133
katoomba,1245.1043625790023
katoomba,777.6217283815722
katoomba,1393.3414822447849
katoomba,147.5401782272046
katoomba,1030.8998439867123
katoomba,1223.2536706046865
katoomba,658.5091408113553
katoomba,1251.6385216797114
katoomba,734.1403423678047
katoomba,992.4442021992463
katoomba,1300.2372591827113
katoomba,249.1688264173889
katoomba,174.80826739095016
katoomba,481.3684908888617
katoomba,1319.2964970678197
katoomba,1337.071085719751
katoomba,213.64245071165354
katoomba,412.529737779144
katoomba,161.1596255388519
katoomba,1347.077067897834
katoomba,251.44398220454906
katoomba,1012.0418889402241
katoomba,1390.1641219689534
katoomba,1083.9111834245186
katoomba,1484.2200099677116
katoomba,568.5452682752612
katoomba,933.7039740103788
katoomba,753.3552988673384
katoomba,949.5723591207213
katoomba,524.3418476166993
katoomba,299.01131663305887
katoomba,288.3966938366907
katoomba,1427.3779132515479
katoomba,315.785709340534
katoomba,516.2550233955615
katoomba,756.4407921542228
katoomba,958.9398776919189
katoomba,661.0461021121897
katoomba,302.97384911815413
katoomba,134.74174968824605
katoomba,762.953942808413
katoomba,412.724704024317
katoomba,1161.726624302536
katoomba,419.4722738983937
katoomba,961.1171360308188
katoomba,299.28102530374593
katoomba,1488.901343791934
katoomba,503.0938503658707
katoomba,1173.6456029216884
katoomba,886.451359195503
katoomba,353.05272241194854
katoomba,1152.1561295851602
katoomba,1122.962505831858
katoomba,117.37121869007612
katoomba,907.7093418449616
katoomba,1055.7424643456689
katoomba,1046.76135918799
katoomba,1411.8410896070964
katoomba,1335.106279268876
katoomba,1009.651730753306
katoomba,337.60099773882735
katoomba,607.5897134911036
katoomba,1245.7974132684549
katoomba,664.2739108798605
katoomba,451.5488458955621
katoomba,792.7873941601068
katoomba,249.8221874128254
katoomba,186.62452648076902
katoomba,386.39654912904297
katoomba,245.80254575804557
katoomba,232.4487907383289
katoomba,493.0560014763051
katoomba,831.3078118196875
katoomba,340.64862875607184
katoomba,1003.5208098468026
katoomba,1207.8841629475573
katoomba,1119.6274162121208
katoomba,1353.3045594077166
katoomba,1131.6804026572747
katoomba,899.6585829095554
katoomba,1171.142956170738
katoomba,866.7150352461829
katoomba,401.31278484852027
katoomba,1180.8727121206264
katoomba,246.340068608557
katoomba,1427.6927427080143
katoomba,475.3726168385702
katoomba,251.1716416767031
katoomba,1143.6412496310702
katoomba,1264.3770276893435
katoomba,157.80157010471555
katoomba,573.8734095887132
katoomba,1372.2297546609138
katoomba,1152.3678567680945
katoomba,336.4952120511963
katoomba,773.922791710042
katoomba,351.5015886278399
katoomba,838.6984618833145
katoomba,859.9160163910112
katoomba,142.40510071132468
katoomba,1177.4562309470898
katoomba,474.9011691047442
katoomba,1027.1286964061746
katoomba,168.51870965862332
katoomba,630.2259000897473
katoomba,946.1678340431197
katoomba,809.5637290665728
katoomba,1227.9037586627292
katoomba,783.9822363598373
katoomba,655.2586897876887
katoomba,972.2758196676447
katoomba,148.14634836058804
katoomba,187.31962146939935
katoomba,960.7303549135006
katoomba,194.2935837802386
katoomba,121.84086063130562
katoomba,1263.154695902565
katoomba,473.3997987889916
katoomba,1115.412225350669
katoomba,897.2915415356571
katoomba,850.0930043500107
katoomba,630.7683124804728
katoomba,281.71136186128854
katoomba,1367.8066830176324
katoomba,452.7523011697259
katoomba,624.5176221955539
katoomba,1271.7054043128892
katoomba,392.04222049700866
katoomba,1489.4544543248364
katoomba,601.5208038543565
katoomba,1107.7687906640379
katoomba,775.8266805003241
katoomba,1156.4622343329472
katoomba,885.8895767501546
katoomba,841.9715102730356
katoomba,1394.4627397486645
katoomba,701.081040396541
katoomba,693.0936142217469
katoomba,847.0969969094341
katoomba,803.515084226349
katoomba,1072.3461283053402
katoomba,1482.7734317543632
katoomba,158.77639741776642
katoomba,436.2369185090003
katoomba,524.4741877175874
katoomba,976.3802129456984
katoomba,794.5307042099068
katoomba,897.0249969006826
katoomba,1486.533392666328
katoomba,109.41543841386513
katoomba,1401.0471300548659
katoomba,1062.4395668160848
katoomba,626.9897222578788
katoomba,1160.0669224301128
katoomba,416.3528445294626
katoomba,510.54888848067213
katoomba,1228.8530186306273
katoomba,1127.405608690683
katoomba,1164.283069833137
katoomba,1181.0778826836267
katoomba,1292.1073556355936
katoomba,1063.3678147542416
katoomba,1324.043811331048
katoomba,326.5411382690512
katoomba,556.9728646493959
katoomba,829.5662013010648
katoomba,726.9558217292632
katoomba,491.4131159688584
katoomba,327.9384965728517
katoomba,549.02449373982
katoomba,615.7996468957933
katoomba,252.87510835071208
katoomba,545.4215514677901
katoomba,598.1738368324261
katoomba,1160.6340781708768
katoomba,583.0502076314353
katoomba,917.6901385798576
katoomba,1309.3148792063264
katoomba,211.38090050700518
katoomba,191.90721962485514
katoomba,583.8604817948503
katoomba,327.277717527532
katoomba,1138.6320992828005
katoomba,345.2982983733416
katoomba,1245.4181977547712
katoomba,554.4893918008188
katoomba,990.2247656969553
katoomba,1482.3178540122315
katoomba,758.699156922947
katoomba,165.27627789168642
katoomba,172.62018510929778
katoomba,1238.269568360226
katoomba,1389.134367087147
katoomba,1191.3328462260379
katoomba,179.2440643674309
katoomba,1035.6926243028634
katoomba,1447.6106776127012
katoomba,1389.4184210271594
katoomba,1356.3029658844687
katoomba,633.1657248917891
katoomba,357.40021123680333
katoomba,421.3266239682546
katoomba,927.9663234182137
katoomba,932.1904446749004
katoomba,198.36954418217832
katoomba,1140.311088875708
katoomba,1304.4501957258235
katoomba,1305.467400362054
katoomba,1384.0010110988396
katoomba,1146.7159835706013
katoomba,953.5542958505586
katoomba,977.1010913822773
katoomba,805.102737467919
katoomba,277.45543323252423
katoomba,584.6117538706401
katoomba,1313.9871370103926
katoomba,1023.8751507135146
katoomba,224.5949299939743
katoomba,1439.070548349484
katoomba,983.1511948025915
katoomba,1471.55695878833
katoomba,1259.0565450841952
katoomba,1461.1176858954705
katoomba,1317.5053200823552
katoomba,914.5515498056403
katoomba,1176.0291832251046
katoomba,487.0135761825326
katoomba,215.14900511025485
katoomba,1458.8336036172896
katoomba,1031.3893273707413
katoomba,555.9696467027354
katoomba,112.86070631307108
katoomba,1118.7060405435664
katoomba,1427.8704472133675
katoomba,999.4563229672465
katoomba,717.819588176897
katoomba,1139.3713256640724
katoomba,471.82551964970145
katoomba,317.6858877238468
katoomba,815.4539137795077
katoomba,1471.176722446614
katoomba,1267.8418119846997
katoomba,744.749173089273
katoomba,1236.0743341828813
katoomba,801.0044579824752
katoomba,1147.8640864014665
katoomba,213.60834993471246
katoomba,1034.2279487804649
katoomba,410.0215899429642
katoomba,1415.5947456646754
katoomba,353.89231021896046
katoomba,171.84974846153568
katoomba,1396.9304734010102
katoomba,1160.3664172552803
katoomba,603.9487374793493
katoomba,1092.6473277523135
katoomba,889.7172334874446
katoomba,718.9922130650709
katoomba,1010.12196682447
katoomba,353.4054894796331
katoomba,1231.9485939903261
katoomba,650.9953809330602
katoomba,1295.9397155071908
katoomba,368.2030673161435
katoomba,1363.2247131653714
katoomba,942.8777172423877
katoomba,597.4501558596158
katoomba,1338.4618674229976
katoomba,459.61407990437056
katoomba,284.5440862061273
katoomba,1052.9617803334163
katoomba,847.3262662371085
katoomba,1419.5429315708827
katoomba,317.3360273066722
katoomba,721.1905118418908
katoomba,312.7062859331313
katoomba,841.6663900097936
katoomba,635.711724004436
katoomba,1208.1647806792962
katoomba,1389.296527140065
katoomba,277.02003726429643
katoomba,969.9377385218617
katoomba,1363.324394052391
katoomba,364.7200276409814
katoomba,426.26123493284007
katoomba,799.4962749065533
katoomba,744.6532181942554
katoomba,183.10378408158078
katoomba,393.8949674836468
katoomba,1074.6553980623326
katoomba,800.8165037486581
katoomba,665.2091993978214
katoomba,882.4453218500805
katoomba,1159.9880681340628
katoomba,805.2142920972269
katoomba,968.7888938374971
katoomba,334.46246566435815
katoomba,1071.7303069932905
katoomba,296.8494222980321
katoomba,729.325377752166
katoomba,779.2457508870532
katoomba,365.6304769424367
katoomba,950.4529934166166
katoomba,471.54345119236734
katoomba,1392.5376529549364
katoomba,1066.2489444665525
katoomba,1170.7148092327395
katoomba,286.8187740272617
katoomba,987.4103989369369
katoomba,1177.565666454988
katoomba,1421.7788373184526
katoomba,1255.3507837492389
katoomba,1320.1247354408517
katoomba,660.9238816341011
katoomba,690.7351150764255
katoomba,1293.7835067418464
katoomba,1187.205297071908
katoomba,1265.2816206592315
katoomba,164.23340745718917
katoomba,1429.3849731325538
katoomba,1037.8443499029468
katoomba,625.2558359548428
katoomba,986.1686918885964
katoomba,1495.7079737687855
katoomba,405.41178687335594
katoomba,1288.3407168966996
katoomba,257.4946897300624
katoomba,907.5628865995217
katoomba,144.04531085798448
katoomba,925.3431515595328
katoomba,322.26750528395394
katoomba,718.2651894741198
katoomba,1260.5216238182381
katoomba,1013.1685608417813
katoomba,582.5767788007288
katoomba,1120.1303167708456
katoomba,1234.197261600941
katoomba,1409.8014610125379
katoomba,1002.9390632505018
katoomba,1314.1789017274273
katoomba,879.6606433569199
katoomba,1259.6239667086468
katoomba,1499.6654997285218
katoomba,1401.4896471593813
katoomba,581.2899414297979
katoomba,118.33914352880603
katoomba,1460.0383850766295
katoomba,502.98263804014476
katoomba,876.3588986191425
katoomba,655.0428626372221
katoomba,1472.4731922967107
katoomba,755.286751889499
katoomba,1011.5447110884834
katoomba,830.7694896159949
katoomba,656.0220477716413
katoomba,1444.9845970655008
katoomba,762.7499023426147
katoomba,1331.7517440982251
katoomba,484.3444960852913
katoomba,868.9462103159312
katoomba,885.2438112245729
katoomba,883.6417806422114
katoomba,738.5876613667542
katoomba,1279.5652645451373
katoomba,1085.9403928257982
katoomba,153.25757138718976
katoomba,775.3839310638875
katoomba,404.6697030483127
katoomba,887.4566972599005
katoomba,386.1261516868263
katoomba,1289.5940100005039
katoomba,1265.9759436934894
katoomba,360.70217595112314
katoomba,785.3347262532201
katoomba,1379.4792538674435
katoomba,1445.6886682328816
katoomba,1027.8106459346645
katoomba,379.5178833986646
katoomba,593.531374676743
katoomba,1125.1177991384707
katoomba,459.7261730219289
katoomba,1380.5387489520851
katoomba,580.1240847268666
katoomba,1426.8218857807606
katoomba,999.0538763011876
katoomba,513.2716661047859
katoomba,1430.564274734297
katoomba,764.8634209427346
katoomba,486.9506820218734
katoomba,1458.9611393321782
katoomba,295.3842778376884
katoomba,830.8862112925084
katoomba,502.5654354986314
katoomba,1332.001682052012
katoomba,150.1210152173449
katoomba,548.3361871116409
katoomba,1255.2271126955493
katoomba,159.7027441905508
katoomba,1053.1436991167054
katoomba,170.37820509078472
katoomba,1000.9922860518429
katoomba,602.0023650393987
katoomba,1475.8743564736328
katoomba,173.73137626932848
katoomba,127.58459027607032
katoomba,1475.1663758444681
katoomba,347.35238059522237
katoomba,391.5265333549358
katoomba,1223.3617498403933
katoomba,435.38963786067137
katoomba,1023.0342610719539
katoomba,297.2422298715659
katoomba,1469.5689126910588
katoomba,481.78291409775085
katoomba,694.9305471093512
katoomba,260.64193785733215
katoomba,307.8537460695354
katoomba,538.1260600045694
katoomba,124.66737922748689
katoomba,981.0716307691466
katoomba,1278.4177487966394
katoomba,422.0366050986266
katoomba,207.3760341068409
katoomba,335.0964767944041
katoomba,747.6033246734233
katoomba,1075.3071808654374
katoomba,1170.6621524423115
katoomba,335.22120526971634
katoomba,780.7064526646415
katoomba,305.5384321533968
katoomba,1048.7730668948914
katoomba,113.37992920270254
katoomba,212.94971197778926
katoomba,224.64342258698588
katoomba,939.3329260010821
katoomba,1344.3399277396145
katoomba,1212.5487366339344
katoomba,714.4789879123664
katoomba,998.4411658706761
katoomba,600.1086198839052
katoomba,583.2595109979325
katoomba,1471.7461730054838
katoomba,724.7172260490079
katoomba,1137.6359147563624
katoomba,303.5819253843857
katoomba,836.4743858810081
katoomba,1196.8773098679533
katoomba,683.0661631239285
katoomba,100.30125358340831
katoomba,516.2888176364763
katoomba,1022.3575271314836
katoomba,1432.1736864031918
katoomba,545.1470499738969
katoomba,1237.659773395549
katoomba,1250.6046264063718
katoomba,886.4651099139311
katoomba,819.6791376604136
katoomba,1066.752078059108
katoomba,1081.966120233192
katoomba,1073.9220054986436
katoomba,215.29536230847685
katoomba,1399.216232027848
katoomba,352.43522632845134
katoomba,950.8386369523334
katoomba,705.2112080144669
katoomba,1078.91302087208
katoomba,1257.3387488141927
katoomba,898.0084179581404
katoomba,170.4964907713109
katoomba,1418.81794726352
katoomba,667.0757227690807
katoomba,652.3526128095023
katoomba,970.9101097732862
katoomba,234.643387773488
katoomba,428.5950017004153
katoomba,1201.9472488533618
katoomba,315.6442829193323
katoomba,1323.9549335091485
katoomba,717.051647634507
katoomba,1088.5285554690877
katoomba,682.6516318610352
katoomba,243.61237724510556
katoomba,1001.965504573423
katoomba,351.4595399940182
katoomba,998.3316623040228
katoomba,1282.1278042210597
katoomba,193.95407598210252
katoomba,1363.0684608233414
katoomba,1337.8507205274311
katoomba,1234.4795893866026
katoomba,652.1479356766772
katoomba,611.5208851862868
katoomba,814.1987456098154
katoomba,1177.8123640151089
katoomba,1371.379694966337
katoomba,898.1661512265196
katoomba,466.2203630239468
katoomba,1113.3134112205328
katoomba,974.4093645696894
katoomba,447.8438923785985
katoomba,1358.0227911899278
katoomba,1293.9339979491895
katoomba,587.4854479361977
katoomba,500.09566303316166
katoomba,1026.5280461073476
katoomba,490.2338933588194
katoomba,1040.0085140985684
katoomba,1494.334795898055
katoomba,474.6888797088627
katoomba,973.7853229687352
katoomba,766.1892411887032
katoomba,1242.836340661168
katoomba,1486.634560877341
katoomba,1164.7522838685513
katoomba,496.41812085526817
katoomba,100.53154189951907
katoomba,832.9520910124005
katoomba,1020.3960866980913
katoomba,901.901393042284
katoomba,907.7194866168805
katoomba,838.093689713149
katoomba,251.5731164498202
katoomba,753.9994749744228
katoomba,521.767256130177
katoomba,898.5893137256626
katoomba,122.20622481872641
katoomba,1286.556114257218
katoomba,808.1351723255017
katoomba,605.8858028790198
katoomba,602.5489933825852
katoomba,197.41509834077578
katoomba,204.0090360915225
katoomba,1166.6792264831129
katoomba,1356.0864531651937
katoomba,1416.8317886686443
katoomba,1273.7190121998885
katoomba,633.6872291425112
katoomba,338.48782110897344
katoomba,966.9405344188949
katoomba,787.2576456809245
katoomba,846.992201646512
katoomba,1212.2415231715179
katoomba,1230.7724632729276
katoomba,482.61455243099994
katoomba,820.8119596435679
katoomba,480.3285273339999
katoomba,884.1418195583195
katoomba,703.2362714550075
katoomba,101.60183837117862
katoomba,306.77482494003766
katoomba,777.0527982185707
katoomba,1493.969018455895
katoomba,931.845549391774
katoomba,991.5632807265813
katoomba,1174.8418787903895
katoomba,1140.4078371622793
katoomba,535.153821899106
katoomba,693.027905872791
katoomba,188.92250568308447
katoomba,268.5241675629751
katoomba,438.81349753293085
katoomba,631.6268453710742
katoomba,1440.737182469721
katoomba,1400.4401703583355
katoomba,1211.5737506788741
katoomba,839.0644162203287
katoomba,620.6665897386645
katoomba,1425.1791755623892
katoomba,262.39856235923656
katoomba,710.4110720581833
katoomba,1330.480836344579
katoomba,416.4101211964156
katoomba,1328.1553333850165
katoomba,301.5936513702186
katoomba,743.9097965910299
katoomba,1047.21183669953
katoomba,1095.4077949371735
katoomba,1370.1166831125888
katoomba,489.19955441385963
katoomba,906.9711374153725
katoomba,125.38472062438193
katoomba,1245.4131439149799
katoomba,1474.2388610059345
katoomba,850.4483293833546
katoomba,846.4713217034465
katoomba,278.3750960654072
katoomba,620.2675788885747
katoomba,1422.9920662065595
katoomba,1280.448296078201
katoomba,1345.2548083256333
katoomba,162.3246169016765
katoomba,550.5755288241405
katoomba,855.915161645957
katoomba,1125.7733096737318
katoomba,1305.244973987472
katoomba,698.9438934631137
katoomba,693.4778230118181
katoomba,1187.365378324087
katoomba,827.9171136002541
katoomba,1260.4760260940416
katoomba,506.46562559702187
katoomba,289.81750478032177
katoomba,968.3581372615653
katoomba,961.3968907120903
katoomba,1080.906718137382
katoomba,473.911009817204
katoomba,906.286854424901
katoomba,646.4457381440548
katoomba,597.0683688003564
katoomba,586.3121581836944
katoomba,1435.6904623517644
katoomba,638.524431031015
katoomba,738.673717915182
katoomba,342.5732758556295
katoomba,892.5998236218313
katoomba,1401.5476615486064
katoomba,702.1565844520405
katoomba,1355.0932873023849
katoomba,624.314487626804
katoomba,1263.4964228751949
katoomba,737.6455595888552
katoomba,310.3430866769317
katoomba,473.49459855796323
katoomba,1278.8153465562511
katoomba,726.3541189587067
katoomba,128.31906914504313
katoomba,591.1162000234178
katoomba,259.3810879241711
katoomba,101.83448756761577
katoomba,1492.571535406197
katoomba,438.8263257743627
katoomba,643.1158815801444
katoomba,1078.7430553565487
katoomba,504.87986750138
katoomba,386.4921709804186
katoomba,818.3846109632905
katoomba,1030.5564554663988
katoomba,323.449620934848
katoomba,437.7679390975879
katoomba,764.8334094898638
katoomba,187.89219709918098
katoomba,990.5249084470436
katoomba,503.18724952609364
katoomba,643.8542863383178
katoomba,144.56108684958082
katoomba,1092.8680750871122
katoomba,981.5933327617354
katoomba,1280.6440559777952
katoomba,1054.8544271020207
katoomba,524.9631849397935
katoomba,1112.5209563439848
katoomba,1244.489398838316
katoomba,750.4186979570148
katoomba,130.71542259409748
katoomba,425.76854598932164
katoomba,330.50285549455396
katoomba,286.4798283243499
katoomba,1207.5842361592768
katoomba,1075.0314932020044
katoomba,448.2807044679654
katoomba,418.26220382882525
katoomba,612.3206021804031
katoomba,1496.3154600668836
katoomba,1395.967520413519
katoomba,543.0392506835165
katoomba,985.31695885537
katoomba,109.72525516513541
katoomba,1154.8522745190967
katoomba,367.10787190313334
katoomba,1361.5850584141438
katoomba,1105.6340900071013
katoomba,211.7002831422372
katoomba,149.25604931865118
katoomba,1050.4270245781568
katoomba,701.4118571488928
katoomba,384.63331165843573
katoomba,782.2187135534293
katoomba,960.9832431102285
katoomba,730.9073375484244
katoomba,217.5068114067887
katoomba,1314.5576577093377
katoomba,1218.666779454421
katoomba,880.2461059813628
katoomba,336.8135739432399
katoomba,292.19302026761284
katoomba,362.9436036151355
katoomba,1119.0145198995692
katoomba,466.4088007621677
katoomba,315.4065349178834
katoomba,416.1005219222759
katoomba,871.9790418273403
katoomba,927.2605812502031
katoomba,1143.9206591146572
katoomba,505.2317182307082
katoomba,209.57365528799463
katoomba,169.96219075530155
katoomba,1183.4307941859358
katoomba,848.9320457778341
katoomba,311.7139146691461
katoomba,1472.0222462858326
katoomba,384.0447512344419
katoomba,198.97277986081326
katoomba,242.44506423383473
katoomba,1411.8310942208473
katoomba,883.8721534960061
katoomba,1256.4924346825849
katoomba,1421.4550808552042
katoomba,573.5406613130207
katoomba,625.6515482338435
katoomba,601.1618773960138
katoomba,779.8680545465807
katoomba,782.7276660739836
katoomba,1296.1353044587668
katoomba,486.92704163304523
katoomba,476.3881186214461
katoomba,192.29242445583685
katoomba,179.8695896691998
katoomba,409.7217763042439
katoomba,975.029695180975
katoomba,227.63573584998454
katoomba,717.7364163875246
katoomba,1492.2828991015015
katoomba,1047.957293345273
katoomba,956.9142159944217
katoomba,375.0467969413624
katoomba,1030.1867910316903
katoomba,500.37236522053206
katoomba,1226.6280731064066
katoomba,1445.4352787774544
katoomba,671.3004388077701
katoomba,533.9706776120364
katoomba,107.71048430749379
katoomba,1342.968534690795
katoomba,342.1563693854073
katoomba,910.8008347402503
katoomba,1271.4963691772166
katoomba,151.43587486848253
katoomba,1339.3546774967647
katoomba,371.28052836461745
katoomba,290.2793619865889
katoomba,348.35514777557603
katoomba,614.7827670660782
katoomba,808.3155679482497
katoomba,400.3933032032883
katoomba,169.4890601010234
katoomba,266.4928709730556
katoomba,1109.9814843994845
katoomba,693.2098315585703
katoomba,1024.42949058644
katoomba,646.2599129211433
katoomba,771.3472441654726
katoomba,528.3405317351958
katoomba,1164.421466566526
katoomba,734.2826184104605
katoomba,1235.96498525915
katoomba,1373.6267622318715
katoomba,943.9400791220439
katoomba,1158.4547684452755
katoomba,858.0587332622089
katoomba,245.1806053138017
katoomba,540.8073938475759
katoomba,262.9119436737476
katoomba,824.2212229715035
katoomba,1177.631706082335
katoomba,217.46957876377036
katoomba,718.0958614866864
katoomba,159.915854460426
katoomba,944.2504032082495
katoomba,1450.0225816878053
katoomba,870.3836177889999
katoomba,1098.504730125357
katoomba,969.4258796865739
katoomba,505.5269362063905
katoomba,1130.1058396360872
katoomba,979.461246354742
katoomba,1416.7994281686483
katoomba,1304.348947471492
katoomba,507.8288374121154
katoomba,815.44164291982
katoomba,1194.0907881599396
katoomba,816.1869702783233
katoomba,680.2751151060215
katoomba,128.98492123911743
katoomba,959.6418925732467
katoomba,203.4030028060878
katoomba,919.011806686705
katoomba,394.8111082896176
katoomba,306.74336305103077
katoomba,434.0787976640728
katoomba,508.2042907924361
katoomba,713.089330573516
katoomba,1107.7270721350214
katoomba,592.2967955983488
katoomba,724.2365649868036
katoomba,512.1087590594593
katoomba,609.5592237341407
katoomba,1096.8614182898486
katoomba,1163.7805432169205
katoomba,1293.2557032842362
katoomba,1411.5789563372196
katoomba,670.7183116614301
katoomba,736.1058766420582
katoomba,1148.5291807804736
katoomba,977.7889982942922
katoomba,288.42396764358824
katoomba,499.1048042026294
katoomba,879.3809695722315
katoomba,1038.4926931753494
katoomba,568.6527536791341
katoomba,337.7012609498138
katoomba,705.2317047341132
katoomba,465.64940590767975
katoomba,625.8949504426623
katoomba,392.340665854172
katoomba,294.3997913042151
katoomba,702.8428413304288
katoomba,472.7196032677263
katoomba,1478.646615745302
katoomba,568.7085748027248
katoomba,1177.8188892223
katoomba,1350.4367807543545
katoomba,182.23061401238846
katoomba,328.3995781975726
katoomba,1234.5135028770605
katoomba,1360.8049113524708
katoomba,373.2395566403069
katoomba,1223.6959424786
katoomba,877.8473789713373
katoomba,677.0782684159286
katoomba,1264.685411883291
katoomba,1183.6588863488585
katoomba,410.33441846344243
katoomba,1255.4917312931595
katoomba,482.67706716175763
katoomba,721.6521294861378
katoomba,1264.411891825857
katoomba,1316.9218221695023
katoomba,737.0177995018573
katoomba,1163.3190493048378
katoomba,681.7017418222273
katoomba,199.02992692353058
katoomba,1233.7632960786166
katoomba,1003.3584771884368
katoomba,545.0929426153048
katoomba,366.6299562459047
katoomba,638.0301897585408
katoomba,616.2124667767555
katoomba,666.1836043474635
katoomba,151.5557566312574
katoomba,573.8147908887594
katoomba,585.9249114005178
katoomba,337.12849659181194
katoomba,179.7623704577736
katoomba,813.4518859661865
katoomba,1372.8416354442115
katoomba,312.4097209491157
katoomba,706.439480635563
katoomba,299.99434194888954
katoomba,245.26286600361004
katoomba,1016.1198103006376
katoomba,729.7462993238687
katoomba,236.08123561577267
katoomba,340.2930418435625
katoomba,1182.9051147125567
katoomba,103.48108489323597
katoomba,257.4524341961261
katoomba,1013.2727887888178
katoomba,1191.6676115052708
katoomba,457.2125808128828
katoomba,107.92422305544589
katoomba,1125.5175456989796
katoomba,839.6507521266259
katoomba,1378.832875971082
katoomba,578.9442612800121
katoomba,1130.3926163301614
katoomba,1395.463746878626
katoomba,1283.0653135798364
katoomba,739.8085492917311
katoomba,1286.6018513829833
katoomba,1463.697240211929
katoomba,182.36774653357776
katoomba,681.6904728943239
katoomba,785.9853585330355
katoomba,527.8226004887497
katoomba,969.1528271413454
katoomba,1036.5732481810674
katoomba,1368.9096727506708
katoomba,896.0555361647688
katoomba,371.5773347132397
katoomba,341.9169166611738
katoomba,925.2864136337174
katoomba,918.3296002023936
katoomba,817.6462283377532
katoomba,990.6982569726724
katoomba,1379.1227703894306
katoomba,240.39173233958772
katoomba,673.544711630067
katoomba,1174.487809251789
katoomba,807.8827934070187
katoomba,1270.3484650519333
katoomba,241.429731210272
katoomba,1450.152769241266
katoomba,800.2394342255748
katoomba,152.5607867623097
katoomba,1309.3546369698095
katoomba,1327.8693377794953
katoomba,924.3210750106167
katoomba,646.6585372016601
katoomba,879.6094690927877
katoomba,505.36298230141875
katoomba,994.7752684757098
katoomba,492.3191438154894
katoomba,137.77944785444237
katoomba,170.48064373605334
katoomba,385.76225439107907
katoomba,378.54872116743337
katoomba,933.4175084840763
katoomba,418.29718832325733
katoomba,825.9428918680993
katoomba,604.9638106448516
katoomba,120.4292622515585
katoomba,668.6236733541659
katoomba,1154.247835780536
katoomba,1405.3142217894074
katoomba,1494.4705933458765
katoomba,1147.05748804824
katoomba,913.3914262384036
katoomba,811.8072800503588
katoomba,1041.2965760465786
katoomba,1148.25852018477
katoomba,1431.3714444119507
katoomba,546.6745185733828
katoomba,1045.2409131984193
katoomba,839.6884294093406
katoomba,591.1548609250942
katoomba,387.3113061263853
katoomba,1486.5057865510219
katoomba,1430.4849484797085
katoomba,140.8514199934117
katoomba,1134.7673890974784
katoomba,147.23039645174467
katoomba,533.204416801916
katoomba,802.6673627269183
katoomba,920.5244684341727
katoomba,923.6432698880673
katoomba,1292.7014666324076
katoomba,527.7867154468391
katoomba,887.3025325133019
katoomba,605.2789963976918
katoomba,1087.502882787278
katoomba,425.8825789867059
katoomba,985.4675941770232
katoomba,129.0278815904816
katoomba,478.6866121128535
katoomba,383.67134087055456
katoomba,753.9820749881947
katoomba,466.81513043200886
katoomba,1058.1779485742745
katoomba,900.9294228213685
katoomba,956.1981539096648
katoomba,1461.93952526064
katoomba,1331.156344622583
katoomba,362.9804152214845
katoomba,311.550054822814
katoomba,300.48792404521015
katoomba,238.007268285465
katoomba,954.4400198545779
katoomba,227.9527933346571
katoomba,621.1646377674217
katoomba,994.696653850821
katoomba,274.7658594046474
katoomba,321.08389715864143
katoomba,377.3847355308335
katoomba,680.6113907870721
katoomba,196.16146641377767
katoomba,700.9031371615515
katoomba,517.3460137269667
katoomba,1263.264128777185
katoomba,1099.1091716734886
katoomba,1120.9020847832412
katoomba,1225.7948741963303
katoomba,1015.9712587841756
katoomba,337.4090350738422
katoomba,693.5654913284852
katoomba,163.78418064902
katoomba,956.4352491349273
katoomba,1354.2508464758316
katoomba,796.5546730874956
katoomba,574.1320466354765
katoomba,713.4044472440324
katoomba,914.418166813203
katoomba,652.211522845377
katoomba,904.4131796137124
katoomba,255.15123432563226
katoomba,1432.0168337608493
katoomba,231.4125638259872
katoomba,1003.8771736578676
katoomba,1172.895452305782
katoomba,400.7278232745884
katoomba,325.47712441859665
katoomba,341.38776656023856
katoomba,581.8027820385332
katoomba,1055.2745136606104
katoomba,1241.8255831496176
katoomba,506.6216588990796
katoomba,1019.2511418473566
katoomba,866.8389346575524
katoomba,843.4400838336405
katoomba,1492.4394706624207
katoomba,200.78237011144898
katoomba,1121.5073361565055
katoomba,780.936046086824
katoomba,620.8800673566714
katoomba,726.4511126946336
katoomba,237.16559705907966
katoomba,240.52125305134388
katoomba,1269.65365411827
katoomba,1483.2833507725097
katoomba,1268.3629868551636
katoomba,410.4195235454035
katoomba,804.0518891588529
katoomba,1002.8004533867895
katoomba,578.2611774526923
katoomba,1040.6212061421238
katoomba,1252.4323071219444
katoomba,580.8246260830938
katoomba,892.3510079002617
katoomba,919.0305217875674
katoomba,1298.8785876980064
katoomba,1003.3240544288153
katoomba,339.4143413897757
katoomba,261.74570730775514
katoomba,581.4754454389696
katoomba,717.4932080455227
katoomba,272.30694324292807
katoomba,1127.9161013390064
katoomba,399.797260774842
katoomba,329.1126148403402
katoomba,472.07327590160685
katoomba,829.7713145233138
katoomba,900.0509413351504
katoomba,272.39826489255984
katoomba,471.1534465738953
katoomba,597.6208759866461
katoomba,1094.0656424914396
katoomba,765.1689695977473
katoomba,906.2598911335737
katoomba,1161.1166368877737
katoomba,754.2027965684229
katoomba,947.6658300483682
katoomba,249.2135911581456
katoomba,1219.7714633784183
katoomba,355.72343936745244
katoomba,573.2262576842967
katoomba,930.5989774645608
katoomba,162.3142051177898
katoomba,1402.604060856422
katoomba,1440.8137360307278
katoomba,1497.9778077313513
katoomba,368.02360814546694
katoomba,1111.7127965674313
katoomba,1036.519120748047
katoomba,1474.741330600458
katoomba,267.2257404450506
katoomba,932.6126360863531
katoomba,1264.3481251739781
katoomba,195.2476716415854
katoomba,430.72894017911443
katoomba,878.2613350549224
katoomba,1302.9594097607178
katoomba,440.0785258538206
katoomba,1313.458022799614
katoomba,1255.2846197292888
katoomba,665.3993658954244
katoomba,323.48620809105535
katoomba,609.6731760307769
katoomba,1086.5826764743024
katoomba,1464.5645296532864
katoomba,499.17094890255606
katoomba,487.8260977962479
katoomba,1173.7786134954963
katoomba,461.2121352418472
katoomba,1485.2477182412592
katoomba,582.9759970296004
katoomba,953.7521724978602
katoomba,176.77433153105522
katoomba,556.7590551181543
katoomba,1065.8257167813892
katoomba,718.5559566775278
katoomba,502.5524458697707
katoomba,457.9130324678912
katoomba,729.4993603941473
katoomba,235.3561707670634
katoomba,1398.6008299906462
katoomba,403.70541954645233
katoomba,438.8140885221035
katoomba,1243.7924175389314
katoomba,1207.5619908608758
katoomba,394.7386376690804
katoomba,532.7859467900897
katoomba,1046.017363407599
katoomba,600.2881448989319
katoomba,1357.3334513920252
katoomba,136.90901968965954
katoomba,253.2980321860616
katoomba,975.5812968171546
katoomba,177.03491109055142
katoomba,898.7090308922822
katoomba,967.2675486227619
katoomba,1288.3521496444273
katoomba,212.405145385971
katoomba,1402.4358125890637
katoomba,697.3078649583432
katoomba,243.03764192946431
katoomba,1110.3571130319488
katoomba,1163.3411714233837
katoomba,1474.1317732280977
katoomba,1254.7038713467684
katoomba,589.8109460083256
katoomba,1237.523796146606
katoomba,141.2777560543734
katoomba,1266.04019216956
katoomba,986.96771848561
katoomba,200.09135721884633
katoomba,240.9731851505674
katoomba,1174.2326464167977
katoomba,1311.240188919388
katoomba,310.6073050924191
katoomba,651.4605625031376
katoomba,1134.1164438159742
katoomba,1173.6579835622997
katoomba,194.32562485245285
katoomba,1273.0960902745562
katoomba,1028.330610320421
katoomba,1278.6393547537984
katoomba,1311.9003843112764
katoomba,993.3123409632844
katoomba,195.81596706561828
katoomba,641.0190286498232
katoomba,1483.7726781498925
katoomba,1348.5235016068725
katoomba,309.17404273019906
katoomba,633.1253506069149
katoomba,1227.5807250669666
katoomba,856.7149991443008
katoomba,1058.8976419257567
katoomba,1198.734625353259
katoomba,296.4907204683678
katoomba,685.6504477716003
katoomba,1317.5380101772666
katoomba,1083.876777664657
katoomba,517.0760964413553
katoomba,926.2981097339566
katoomba,1349.8044817917264
katoomba,1122.5655421466577
katoomba,766.5938524426576
katoomba,1424.8777120970585
katoomba,942.144348419519
katoomba,1102.0439480897862
katoomba,458.33090086424795
katoomba,810.297892600908
katoomba,120.50951476111587
katoomba,1288.4324459068616
katoomba,392.76708758150573
katoomba,669.2716775663832
katoomba,115.40765722972897
katoomba,690.5537904106926
katoomba,444.4621785059005
katoomba,1314.1868176506396
katoomba,1489.826416624195
katoomba,133.56078311795096
katoomba,1432.998989477059
katoomba,533.2902217138042
katoomba,1351.2972105181286
katoomba,521.8610353521041
katoomba,347.42500557346705
katoomba,552.1829951995744
katoomba,446.1696313203249
katoomba,1325.1972705593662
katoomba,1310.147161069836
katoomba,790.8132164375995
katoomba,1104.7769324621195
katoomba,1313.0850929289495
katoomba,1177.2341819344454
katoomba,898.8817600884058
katoomba,1018.5575016786894
katoomba,1057.0685110192821
katoomba,434.8491670818185
katoomba,1264.6765710011648
katoomba,782.479003195891
katoomba,1296.142641776806
katoomba,562.01006717739
katoomba,187.265874487414
katoomba,349.93623178922223
katoomba,894.7935745321223
katoomba,498.1251585980402
katoomba,655.5853984628923
katoomba,730.3600505528685
katoomba,1355.1988843535705
katoomba,728.3539743234415
katoomba,242.0192630635262
katoomba,1128.0175542573008
katoomba,725.5286847320041
katoomba,176.56089602864355
katoomba,1309.8327635305104
katoomba,1467.538430488921
katoomba,984.5224106560071
katoomba,1478.0709412585727
katoomba,377.65240814789956
katoomba,433.749578634601
katoomba,1282.7174849097773
katoomba,712.1695741188397
katoomba,1271.8866580097206
katoomba,597.1180919445521
katoomba,1399.2451171409803
katoomba,285.7199283319095
katoomba,647.5693197700484
katoomba,559.0702512959601
katoomba,679.1430839443576
katoomba,670.0082059611574
katoomba,815.5421268158505
katoomba,535.2203925715746
katoomba,248.17176398732798
katoomba,1069.8370246016207
katoomba,1457.9589141071363
katoomba,592.6113720899448
katoomba,672.8407901842218
katoomba,265.91896333416855
katoomba,741.3247438527828
katoomba,178.29175612779682
katoomba,1412.8036573907455
katoomba,688.7005000628055
katoomba,1035.8476512520986
katoomba,735.9640001529714
katoomba,1420.1545690584153
katoomba,1269.7564435262723
katoomba,584.9445250760409
katoomba,1102.182151043286
katoomba,1262.4909575856266
katoomba,890.2682856140467
katoomba,894.9746301553732
katoomba,1260.5543353574562
katoomba,725.9527735761235
katoomba,762.8509575177146
katoomba,762.5295758989727
katoomba,614.1464956036388
katoomba,1337.3537980207957
katoomba,813.126484218566
katoomba,1478.1509730521755
katoomba,779.55152353711
katoomba,174.24494781720452
katoomba,883.4533501813075
katoomba,1306.6498133397997
katoomba,1418.1278424777738
katoomba,295.23931470201114
katoomba,886.2836877552572
katoomba,801.7987248141038
katoomba,1429.9576902474244
katoomba,170.25104850724844
katoomba,1255.1812537333433
katoomba,973.0762659277916
katoomba,690.2901729216863
katoomba,727.8657395364177
katoomba,1413.8815947514543
katoomba,204.77159194263703
katoomba,899.7152597425742
katoomba,163.16539396333593
katoomba,233.2749686388246
katoomba,256.51063932602904
katoomba,1133.2507802168227
katoomba,1183.2486475706926
katoomba,322.9742504840643
katoomba,241.47712370982774
katoomba,402.933801029151
katoomba,408.53717076930565
katoomba,748.4868893906581
katoomba,475.0972090534282
katoomba,1265.3805168171893
katoomba,1039.8743822582414
katoomba,1012.0922649676646
katoomba,900.0695903391877
katoomba,1216.429948230441
katoomba,1286.6249838833953
katoomba,1089.4675639173036
katoomba,702.9285217390382
katoomba,1345.3606315872153
katoomba,1469.8773212708854
katoomba,1267.924894262325
katoomba,140.7642323267441
katoomba,1482.478173435013
katoomba,370.29828862063744
katoomba,504.20067097016926
katoomba,735.2671986405626
katoomba,383.22286351483274
katoomba,1210.7385500484386
katoomba,127.68620227725282
katoomba,1010.2012103273911
katoomba,366.4496756332435
katoomba,1186.6102560923891
katoomba,274.77552737197846
katoomba,216.08625875965413
katoomba,1100.6955650300265
katoomba,540.9142328629789
katoomba,375.0587437726282
katoomba,751.5905650782453
katoomba,1084.9232100420954
katoomba,1243.263785407136
katoomba,850.2213778306499
katoomba,831.374060810619
katoomba,951.6737436863425
katoomba,876.0699197707173
katoomba,725.7873727597241
katoomba,376.9311431226267
katoomba,315.3854722317726
katoomba,207.16975634848706
katoomba,471.59618695803323
katoomba,1444.2184239576602
katoomba,147.2757088296657
katoomba,731.3544160783305
katoomba,155.47334565710648
katoomba,366.286776868592
katoomba,1184.7865858642197
katoomba,1016.6148057727098
katoomba,984.0487542819723
katoomba,1057.2211085812964
katoomba,277.1823939957719
katoomba,631.487782562543
katoomba,1467.9333958002626
katoomba,1196.4260086689928
katoomba,1301.0849870002744
katoomba,579.1614302412681
katoomba,941.2176766210034
katoomba,1486.4620708486573
katoomba,1093.7296233857846
katoomba,192.44567263390758
katoomba,621.3377917511658
katoomba,1119.5147366915853
katoomba,279.9130745192996
katoomba,1320.441520108476
katoomba,1470.5546960950946
katoomba,953.3798987139091
katoomba,917.2292928139619
katoomba,1039.110286762451
katoomba,107.13485093308594
katoomba,242.41864104793336
katoomba,801.8196058596906
katoomba,1248.7742248386269
katoomba,1461.351639250417
katoomba,1230.8051681201014
katoomba,1226.6182040135461
katoomba,774.9763797850067
katoomba,1011.5831685960208
katoomba,167.10053203025674
katoomba,1000.8940678971193
katoomba,1287.6594180149916
katoomba,1484.7116433439307
katoomba,1205.657502986471
katoomba,322.3249147043522
katoomba,491.6127651176675
katoomba,961.3312440095951
katoomba,1306.7637108227493
katoomba,262.55133036225874
katoomba,1427.0949978582612
katoomba,590.7330144592655
katoomba,1359.6601895283068
katoomba,397.44134589946947
katoomba,961.8032172754715
katoomba,552.1281015745726
katoomba,1082.0005090973268
katoomba,1291.115906235689
katoomba,753.4335755410855
katoomba,1095.9626059279744
katoomba,154.38726629200136
katoomba,1311.4704501545964
katoomba,1250.9729507100992
katoomba,1030.9042996964276
katoomba,402.3865283538613
katoomba,276.69543030100516
katoomba,864.0329806955942
katoomba,1264.760899980582
katoomba,1452.4748108549454
katoomba,637.741582480645
katoomba,780.5596890745859
katoomba,1185.2275984224495
katoomba,367.89525359427756
katoomba,959.2519916524991
katoomba,858.116503999365
katoomba,509.99441723403356
katoomba,186.86640935940392
katoomba,244.50835781479392
katoomba,164.76956744682818
katoomba,127.36580569340978
katoomba,472.54603236977596
katoomba,552.5469823494403
katoomba,1313.0492752372093
katoomba,1065.9042228803428
katoomba,327.7665415866191
katoomba,1369.5830052727072
katoomba,459.11831595852294
katoomba,1000.2913612793138
katoomba,619.8030874541664
katoomba,340.7489026417926
katoomba,966.457681193314
katoomba,793.7555499587902
katoomba,157.9606735171097
katoomba,1360.302989186773
katoomba,1346.0529957696072
katoomba,1221.3961128470892
katoomba,993.2002552538169
katoomba,271.2836556592297
katoomba,1087.0238280614365
katoomba,654.6540235057169
katoomba,538.0049694825318
katoomba,1348.0816424191814
katoomba,436.8658781559154
katoomba,692.9070820943496
katoomba,898.720841022565
katoomba,1322.1143962858578
katoomba,1413.0220997676583
katoomba,716.02786216397
katoomba,959.1544211532488
katoomba,1308.4975904373266
katoomba,218.11154759806905
katoomba,803.7504214882963
katoomba,194.99168076062836
katoomba,773.1414801700174
katoomba,1068.3375849282575
katoomba,133.92701181172006
katoomba,1065.590897688864
katoomba,272.17256761502045
katoomba,745.8843184128771
katoomba,247.25053869865386
katoomba,957.9509027847412
katoomba,370.9310248792261
katoomba,1403.133570159823
katoomba,382.0641386605055
katoomba,726.554393374047
katoomba,482.37186262254863
katoomba,907.6561496011766
katoomba,824.0825724837517
katoomba,532.3337530151223
katoomba,955.9651123176467
katoomba,1489.9797061532315
katoomba,317.74457000240864
katoomba,644.951105596449
katoomba,1011.4427801735587
katoomba,1292.4744890496825
katoomba,1239.808493709035
katoomba,405.07544046166703
katoomba,1174.3475169571582
katoomba,843.0343345320896
katoomba,635.5987767658077
katoomba,649.3392443236551
katoomba,429.21312637338536
katoomba,875.8433317614973
katoomba,149.93539549441948
katoomba,869.2632911370266
katoomba,1342.1019022110897
katoomba,1002.0160805126326
katoomba,110.33618102801641
katoomba,1354.2110811489706
katoomba,431.91828849434177
katoomba,1121.5950073047613
katoomba,369.41907527163005
katoomba,1454.7737162193357
katoomba,283.93727805710375
katoomba,1427.9811264909545
katoomba,976.2192456862914
katoomba,1216.0029659431332
katoomba,149.87048246791915
katoomba,461.8345470577018
katoomba,1203.2916995595729
katoomba,710.3533655686475
katoomba,1108.3875008697303
katoomba,384.16101863184736
katoomba,1365.6149553760918
katoomba,853.4937386291939
katoomba,281.5296157360425
katoomba,1078.749199905174
katoomba,431.30542847707466
katoomba,481.6157790233506
katoomba,461.42502769720505
katoomba,191.48922451819942
katoomba,448.13152818404774
katoomba,386.80156049944867
katoomba,534.9149580037388
katoomba,848.5936082893624
katoomba,1393.8430047153665
katoomba,425.89112590508506
katoomba,998.5588646440477
katoomba,732.6168947464474
katoomba,350.69410539027706
katoomba,330.1514301306279
katoomba,1271.3438272422868
katoomba,883.5494756225553
katoomba,1118.6464660428385
katoomba,1383.8388388688254
katoomba,1103.2793509630314
katoomba,547.2713056848293
katoomba,217.79130652900773
katoomba,1132.2570347613332
katoomba,1424.9294658990236
katoomba,852.5582316332699
katoomba,801.3875462614429
katoomba,899.9498828342381
katoomba,1120.2509268455963
katoomba,1185.25191206247
katoomba,1261.9078522589102
katoomba,946.5394509669745
katoomba,945.6250342879032
katoomba,1266.8404927076456
katoomba,706.4405885264997
katoomba,865.4456322093157
katoomba,663.6851458184534
katoomba,770.9062863112421
katoomba,109.69912042321259
katoomba,632.2646453720797
katoomba,1278.5228757112757
katoomba,214.97226044549626
katoomba,947.7450847770959
katoomba,879.3156521418522
katoomba,175.68364886984196
katoomba,668.0335470899182
katoomba,549.4696121201924
katoomba,1191.0418118811745
katoomba,1288.274576596895
katoomba,507.4916078289161
katoomba,671.2375065424978
katoomba,247.63989326298267
katoomba,328.7531552912458
katoomba,462.0398420246979
katoomba,128.01273393374007
katoomba,262.0013222576968
katoomba,1291.6436938565582
katoomba,1324.7899157161928
katoomba,783.7117882281304
katoomba,788.2055298721217
katoomba,1020.1605239452797
katoomba,993.5419829858271
katoomba,1074.4832885366432
katoomba,349.47494512792605
katoomba,120.60719980834278
katoomba,776.9818997436486
katoomba,173.41027251188208
katoomba,643.9937057462388
katoomba,202.74142070722172
katoomba,140.32164853038523
katoomba,890.8747996364415
katoomba,996.1302426773979
katoomba,1010.1356713481788
katoomba,842.9620569915561
katoomba,417.98760738046053
katoomba,1266.2561115155513
katoomba,1001.7470141014734
katoomba,1177.2785943658753
katoomba,127.02323649857968
katoomba,153.6373436717795
katoomba,1273.2438644237777
katoomba,919.9161310455036
katoomba,1454.0199512004278
katoomba,775.827153667657
katoomba,937.0450574069399
katoomba,447.4524387349447
katoomba,652.0924655884972
katoomba,453.02207789208603
katoomba,843.2469610053124
katoomba,1205.3214480875565
katoomba,595.7663303919164
katoomba,207.52358027243173
katoomba,1430.5202216579914
katoomba,1353.9152786444401
katoomba,815.8695785645926
katoomba,1151.8178787001134
katoomba,704.548757244395
katoomba,544.1249562372957
katoomba,1069.236645103877
katoomba,874.7492578819353
katoomba,412.0959022986903
katoomba,1469.0911138227175
katoomba,1486.1997643292677
katoomba,1492.443665975438
katoomba,260.97949446286657
katoomba,1018.9205803587195
katoomba,1349.8930346978518
katoomba,808.251246630616
katoomba,191.17887542797018
katoomba,1044.9628107319422
katoomba,1312.5844975870643
katoomba,1423.214483413791
katoomba,113.27956030920117
katoomba,635.931550044195
katoomba,1275.0245858622436
katoomba,1185.8962789013872
katoomba,1203.2866863116603
katoomba,1403.2802749960176
katoomba,916.029669074476
katoomba,521.8510850192542
katoomba,897.6438453605172
katoomba,1045.3716679384092
katoomba,1250.4884524940103
katoomba,574.5949469032955
katoomba,886.1217093518895
katoomba,1394.9984101118469
katoomba,823.2452340540669
katoomba,275.0101555874311
katoomba,936.4477485937472
katoomba,252.03881268649127
katoomba,357.9759643975877
katoomba,1045.2370426303069
katoomba,455.81361639595366
katoomba,173.156415496067
katoomba,1459.1522542685643
katoomba,518.7615837319163
katoomba,1320.4844864733182
katoomba,1393.5545176578728
katoomba,1129.9058289081206
katoomba,712.8835124587928
katoomba,1007.8092890878556
katoomba,503.2299166297209
katoomba,899.070417913405
katoomba,1319.827555373204
katoomba,152.84462645567697
katoomba,1088.23103677388
katoomba,1156.5959456773523
katoomba,111.94042406904234
katoomba,339.4821168111132
katoomba,389.93076781874805
katoomba,458.2710785095429
katoomba,1474.3621190065187
katoomba,1245.932679187044
katoomba,169.22041560597086
katoomba,650.8886942348339
katoomba,103.2600984577385
katoomba,659.0581490868236
katoomba,210.77135009628637
katoomba,1059.1186641289382
katoomba,1212.5130528653726
katoomba,924.5219747303249
katoomba,744.772641374311
katoomba,386.1555362434097
katoomba,801.1642756444882
katoomba,764.3784978424594
katoomba,938.2697565661231
katoomba,618.0569137445639
katoomba,799.407232538472
katoomba,738.6132407162825
katoomba,572.0548688651411
katoomba,439.2190777986462
katoomba,1234.5778740377907
katoomba,477.12688814151016
katoomba,148.80660913786198
katoomba,926.3813636768881
katoomba,800.3179155535863
katoomba,1378.5588237022096
katoomba,1178.0608220229913
katoomba,730.4014814383789
katoomba,1481.3813948120553
katoomba,719.2439127650744
katoomba,1092.3214331521922
katoomba,938.9275687323739
katoomba,497.3649280823483
katoomba,1235.0264764934254
katoomba,158.34205113930025
katoomba,1107.5669623514964
katoomba,802.6134757242892
katoomba,615.141032923343
katoomba,1403.4334130028133
katoomba,1368.1458022094332
katoomba,314.39768704021
katoomba,979.9844105765826
katoomba,892.709389184812
katoomba,107.13089736366742
katoomba,669.6493623512571
katoomba,914.9707154080936
katoomba,1006.7291153039127
katoomba,121.04463363070326
katoomba,1234.6576958588637
katoomba,529.0462779283641
katoomba,1253.6083870731895
katoomba,1382.421042267486
katoomba,1348.4202112346586
katoomba,352.1715289568781
katoomba,438.54469840610466
katoomba,1181.9563443646136
katoomba,771.3202461333599
katoomba,597.7074631150144
katoomba,1437.5766284049403
katoomba,823.8478257223187
katoomba,807.2595461192216
katoomba,822.038062800905
katoomba,1109.0687334177724
katoomba,1137.5498480037254
katoomba,1057.8325071549882
katoomba,1024.4509081603674
katoomba,255.2915512577163
katoomba,1176.705034093867
katoomba,243.33870680632248
katoomba,131.63933205490264
katoomba,365.01171148102964
katoomba,459.99165691633766
katoomba,363.07515243154336
katoomba,342.56959092727755
katoomba,1197.5875005393125
katoomba,835.6302449989724
katoomba,329.02417100875743
katoomba,278.8076453487023
katoomba,379.06270128826833
katoomba,114.88453654348527
katoomba,674.2871943296946
katoomba,313.894328162198
katoomba,580.7048528115661
katoomba,515.6268252870475
katoomba,310.4597125579175
katoomba,873.9131577479486
katoomba,268.22010695444845
katoomba,421.29119389778015
katoomba,930.1409139272943
katoomba,162.79846925897579
katoomba,473.42281668630477
katoomba,1493.7974345255943
katoomba,532.8749147985129
katoomba,1240.5206427476733
katoomba,1324.5844364156599
katoomba,397.8467718636151
katoomba,522.2551979969941
katoomba,1159.4294880936304
katoomba,262.67366506081765
katoomba,1432.9101506131592
katoomba,562.6755711368884
katoomba,1016.3921738511921
katoomba,1009.0130473007117
katoomba,1356.236536228222
katoomba,406.7354520722348
katoomba,1290.1432904326937
katoomba,1449.8561910141364
katoomba,874.5740072318972
katoomba,840.9192669898484
katoomba,256.70606923151905
katoomba,945.9751683352912
katoomba,280.4099789067775
katoomba,126.89875261161603
katoomba,1224.118945575592
katoomba,942.2758831354492
katoomba,818.2042093959731
katoomba,949.7390137251813
katoomba,1262.305275648131
katoomba,584.7472489378717
katoomba,598.8098358782795
katoomba,1356.0765949030767
katoomba,678.0002011153873
katoomba,457.4014291790376
katoomba,1236.2085786329205
katoomba,1096.306164430024
katoomba,945.3592779771584
katoomba,1035.052967906362
katoomba,875.5147161851345
katoomba,1130.8842190406676
katoomba,1258.3362136825244
katoomba,128.26261613305346
katoomba,751.2108130532024
katoomba,1076.7627716679276
katoomba,597.7985425218135
katoomba,441.0294613786978
katoomba,1045.0356935172408
katoomba,1447.9640938139123
katoomba,991.1207602839049
katoomba,141.9565031795447
katoomba,1032.8333988690729
katoomba,1421.5358082471155
katoomba,111.574830182847
katoomba,301.5409431003515
katoomba,210.35392203546235
katoomba,1112.8091677070847
katoomba,251.47661095730786
katoomba,213.04335119406306
katoomba,1498.9585720428024
katoomba,527.8699285299201
katoomba,1380.3573911705475
katoomba,1337.564255505964
katoomba,1083.0917092937307
katoomba,473.1952896800628
katoomba,869.7244659832762
katoomba,181.97290030227254
katoomba,476.17417852969663
katoomba,521.2988926444148
katoomba,599.9428275519012
katoomba,936.000670116952
katoomba,608.5594279044942
katoomba,1420.6164073555358
katoomba,1286.4399311164848
katoomba,1235.402772913017
katoomba,390.5545140996359
katoomba,562.4521662704628
katoomba,809.4702006667277
katoomba,897.347015317996
katoomba,569.5787977716806
katoomba,1083.9616522885462
katoomba,1095.1173584750768
katoomba,622.6585194700331
katoomba,1455.2824482974456
katoomba,881.8982439162121
katoomba,1472.8728845217731
katoomba,296.79351821298684
katoomba,1483.6349679656153
katoomba,1024.2163088931545
katoomba,922.8004235590834
katoomba,522.5453904800268
katoomba,620.3335420740395
katoomba,383.41889663945926
katoomba,218.4381322711632
katoomba,646.9534428119614
katoomba,549.3326658912713
katoomba,1422.8541127002086
katoomba,628.9314581213588
katoomba,1011.0763110189965
katoomba,591.4719263449771
katoomba,1006.5692319670227
katoomba,871.2955239458781
katoomba,404.99396292860393
katoomba,387.84193098652617
katoomba,236.61171852437855
katoomba,533.2413632043553
katoomba,812.9724642842797
katoomba,351.43085648598895
katoomba,389.16161335575623
katoomba,750.4608405292994
katoomba,825.0929414508997
katoomba,306.8361506540992
katoomba,279.862666557116
katoomba,813.823455714832
katoomba,504.06983033860786
katoomba,123.17114895555568
katoomba,799.6398454915119
katoomba,1045.9714465986685
katoomba,383.2535265884076
katoomba,383.92214867686033
katoomba,1030.8599384194504
katoomba,277.0865607466652
katoomba,227.34938819490813
katoomba,1000.133046436285
katoomba,1019.2063982773501
katoomba,232.56600480623518
katoomba,1271.2434384636538
katoomba,1288.6375643863323
katoomba,642.1041567205903
katoomba,296.0266890949807
katoomba,1006.5086485745495
katoomba,1138.7945031582192
katoomba,417.76093173336693
katoomba,925.7321102967691
katoomba,1339.496458810368
katoomba,1251.2158875984649
katoomba,888.4883943603044
katoomba,1368.9409863827532
katoomba,978.6426468475876
katoomba,104.34053168447261
katoomba,1432.1507720356149
katoomba,1063.684316342107
katoomba,1156.098415375263
katoomba,729.2275068816837
katoomba,1453.2883021080288
katoomba,1385.644244445598
katoomba,1087.401818070809
katoomba,206.72710335665863
katoomba,725.8882962341428
katoomba,1168.6695624455072
katoomba,1233.3518184062207
katoomba,1285.8882818867532
katoomba,1126.4637938886583
katoomba,928.2056462686737
katoomba,1287.1563652877037
katoomba,1331.2193317094304
katoomba,1314.8622138368141
katoomba,707.2753088345642
katoomba,1007.4685792142633
katoomba,813.1104053046638
katoomba,1251.5059758371883
katoomba,157.6986194626965
katoomba,1179.8693195351411
katoomba,492.0600172702079
katoomba,390.39061667684336
katoomba,1316.1294226099953
katoomba,755.9428926291989
katoomba,360.6477293142964
katoomba,1292.6713311562391
katoomba,317.6274833791555
katoomba,1237.434524710095
katoomba,295.81427363469226
katoomba,1167.8259938491626
katoomba,155.00252006569212
katoomba,378.9618917181076
katoomba,1123.423764016746
katoomba,1059.6263740419931
katoomba,471.6915549585852
katoomba,460.14581481085213
katoomba,502.93786834558904
katoomba,543.258424703133
katoomba,290.3651244482433
katoomba,561.5042104880172
katoomba,1027.3967006471069
katoomba,1038.9407346498247
katoomba,1462.2001203664556
katoomba,205.29645794014084
katoomba,891.9353144808557
katoomba,274.5575066319226
katoomba,207.24686079434895
katoomba,1195.0167338710796
katoomba,154.3242342880112
katoomba,1071.5450430750789
katoomba,1230.9737903251298
katoomba,856.09639032748
katoomba,1157.3053163623945
katoomba,980.5223288991817
katoomba,187.89378683418244
katoomba,371.2169183752115
katoomba,929.1896534677776
katoomba,457.31772958144523
katoomba,1285.350045776742
katoomba,373.525202037505
katoomba,837.833271634284
katoomba,652.3873038855178
katoomba,1170.3150606488048
katoomba,1356.9867477935936
katoomba,1372.6598446907478
katoomba,767.7799629970436
katoomba,1004.2547831577621
katoomba,310.52414745499425
katoomba,109.35593246460395
katoomba,476.05640349884686
katoomba,1486.7162673975195
katoomba,365.52077023097485
katoomba,1038.112538470809
katoomba,320.7069166812521
katoomba,789.7931743350042
katoomba,301.486860248674
katoomba,321.1350787946469
katoomba,548.6691504367468
katoomba,1078.5774216754476
katoomba,1042.9947065357646
katoomba,1089.5580554123298
katoomba,960.7315922568441
katoomba,1373.0760207936744
katoomba,600.7305677319681
katoomba,551.3744111554988
katoomba,106.31747305767067
katoomba,465.73004614065377
katoomba,705.3906307419551
katoomba,1322.4261660679942
katoomba,747.2096313574982
katoomba,1385.7049833277931
katoomba,783.0132755777544
katoomba,306.414475994487
katoomba,1391.8049365795623
katoomba,576.8670050938858
katoomba,310.28104340094234
katoomba,957.8099765161572
katoomba,788.3692705356681
katoomba,488.384858144042
katoomba,767.6928763893139
katoomba,759.1177800534805
katoomba,215.27772591826516
katoomba,379.44090361311737
katoomba,803.7599812623664
katoomba,1202.487800074251
katoomba,919.3484709013875
katoomba,865.6039291837046
katoomba,1233.845598764416
katoomba,757.143950345663
katoomba,563.712458471712
katoomba,764.500724315523
katoomba,1318.0103930969656
katoomba,863.407587698119
katoomba,1289.3584111612322
katoomba,1211.8516210853395
katoomba,1204.1803298257014
katoomba,887.1970084284516
katoomba,503.9473834724374
katoomba,255.35794755921592
katoomba,125.19982460089815
katoomba,1226.8574921223803
katoomba,365.7168992132939
katoomba,778.3984872952861
katoomba,855.3879749889126
katoomba,554.0400971885701
katoomba,1421.4263405755942
katoomba,746.2321557360342
katoomba,979.5987784641784
katoomba,893.7434126730656
katoomba,106.84425244358431
katoomba,590.9612638358979
katoomba,587.85525567749
katoomba,710.9862479456946
katoomba,1454.5172772570327
katoomba,214.32949184744456
katoomba,369.42688555684026
katoomba,956.9781474404548
katoomba,816.6332990839951
katoomba,163.56254204743527
katoomba,1254.4909461391421
katoomba,1455.0432700578567
katoomba,393.30520938664523
katoomba,1375.9013834541051
katoomba,1464.316314143281
katoomba,595.0292274091275
katoomba,1017.6453482120085
katoomba,945.8691270712382
katoomba,803.6748509903151
katoomba,1148.600122673745
katoomba,233.62616089866577
katoomba,1422.9839876535898
katoomba,988.4748657187733
katoomba,529.0042567276034
katoomba,152.56415420657152
katoomba,1455.944512403324
katoomba,1126.12384790157
katoomba,733.1892244241674
katoomba,1369.769853783905
katoomba,1480.8536950983391
katoomba,913.7433724231456
katoomba,1257.838897469199
katoomba,700.8612710256355
katoomba,514.444115249172
katoomba,1214.998426430052
katoomba,232.38978727913536
katoomba,1399.9650466162038
katoomba,594.0597431752378
katoomba,998.8274291952654
katoomba,1042.4477077398442
katoomba,483.63559182935074
katoomba,1460.157226229524
katoomba,838.1518996574259
katoomba,1308.9527708949993
katoomba,358.26231768005124
katoomba,152.09526468228796
katoomba,1466.8574090811885
katoomba,648.6487399890434
katoomba,1116.6440843121568
katoomba,1466.1847394532604
katoomba,1024.5699210855355
katoomba,1216.8191474083167
katoomba,550.0849624275186
katoomba,740.5942883654621
katoomba,503.5003475114059
katoomba,683.9368772047188
katoomba,694.5766122354819
katoomba,1101.4909751656548
katoomba,484.71790874164327
katoomba,682.060162377363
katoomba,1170.8688574144549
katoomba,1223.9324682631852
katoomba,257.587730970013
katoomba,615.4431290640736
katoomba,376.71917668246505
katoomba,1294.7093656529648
katoomba,868.6317026702787
katoomba,1470.462315483777
katoomba,604.7611955721594
katoomba,514.0251062456641
katoomba,832.8796782622182
katoomba,1047.9940803999477
katoomba,1462.6532481580277
katoomba,1009.4965432938752
katoomba,1431.9492831401033
katoomba,1177.4906859279645
katoomba,912.5976471559911
katoomba,684.3022889535326
katoomba,1469.2129064225094
katoomba,310.76550301029
katoomba,492.47051330746336
katoomba,797.5137624341878
katoomba,500.9599830237475
katoomba,359.9128195934507
katoomba,107.00980381832792
katoomba,1000.2642831847919
katoomba,1222.7759533688263
katoomba,236.98245852908414
katoomba,441.9276890076529
katoomba,1220.6797863341344
katoomba,1481.0159529181162
katoomba,1043.4286645363618
katoomba,1102.79756019585
katoomba,1156.6437935408476
katoomba,1293.419479306606
katoomba,1189.0358122916907
katoomba,1454.2937035161324
katoomba,1451.3808905958972
katoomba,555.1283299174502
katoomba,1235.179440937176
katoomba,766.7487409123308
katoomba,1491.4030131732886
katoomba,314.1861475849744
katoomba,1451.6010812852792
katoomba,1090.0677267702758
katoomba,465.68881536037827
katoomba,1010.15365648568
katoomba,948.8560937480529
katoomba,1198.320810683968
katoomba,1486.8247201386691
katoomba,430.0211414455359
katoomba,1305.8447192535652
katoomba,637.3091323838869
katoomba,271.8523320991238
katoomba,1321.0602306329513
katoomba,636.2789936033452
katoomba,990.3868211232488
katoomba,593.9962315111945
katoomba,744.1999199728059
katoomba,1118.4580098242393
katoomba,412.4750182401369
katoomba,939.9666234995399
katoomba,1047.8855164668078
katoomba,1486.8975989313242
katoomba,544.8055650394299
katoomba,648.0261580108826
katoomba,425.52193439330466
katoomba,562.2464294203106
katoomba,1183.2978086734922
katoomba,846.2102466053632
katoomba,1384.3347531682273
katoomba,1087.7099989254962
katoomba,1066.5483482341485
katoomba,416.27370460865774
katoomba,644.1191625465768
katoomba,728.64270995616
katoomba,1023.6922164128429
katoomba,453.48432215964186
katoomba,402.5031310149194
katoomba,1287.643701400543
katoomba,766.675109234191
katoomba,522.1925542456834
katoomba,1346.334046579761
katoomba,1117.766558007617
katoomba,1254.6608359771476
katoomba,1496.7916867713714
katoomba,111.98989574293248
katoomba,246.21020852150835
katoomba,687.2880235224696
katoomba,168.22020360910844
katoomba,394.2416196359862
katoomba,231.02403909165514
katoomba,1316.6642173457801
katoomba,1400.631461830755
katoomba,1049.0171958721585
katoomba,710.0606710976385
katoomba,784.585001020137
katoomba,327.53871479220606
katoomba,539.5464597271342
katoomba,553.0268570494493
katoomba,763.347726178638
katoomba,224.37707582019817
katoomba,1193.2115341895205
katoomba,613.2498651512592
katoomba,1070.5163007502433
katoomba,1180.0270719525206
katoomba,897.9642736120987
katoomba,758.4819844059974
katoomba,1108.8564849851923
katoomba,744.4815852246112
katoomba,320.5822789233755
katoomba,1274.8840772309088
katoomba,176.35193453588698
katoomba,418.41106740983
katoomba,653.7133116482298
katoomba,305.6526774958022
katoomba,482.59309354947226
katoomba,300.2208356886193
katoomba,1076.9239222738095
katoomba,310.5551261515375
katoomba,208.32130501575256
katoomba,1348.039545895548
katoomba,275.72645691049684
katoomba,181.26493531160594
katoomba,496.68248754222384
katoomba,259.503610659248
katoomba,1481.8345632681046
katoomba,992.6953595450286
katoomba,450.47856231317354
katoomba,113.24025448577191
katoomba,791.9861823234735
katoomba,440.8042816172321
katoomba,1336.2368699882225
katoomba,410.0626820892068
katoomba,991.0410667457254
katoomba,526.7502605868697
katoomba,993.112252359499
katoomba,211.56918812013848
katoomba,930.6276251564404
katoomba,1325.339038606071
katoomba,497.938209561788
katoomba,1198.6017624351462
katoomba,288.4554803797175
katoomba,421.6724700485159
katoomba,524.3050288020104
katoomba,330.28137101264707
katoomba,569.9715011377648
katoomba,1233.2456543268227
katoomba,943.781884149805
katoomba,896.6994753495478
katoomba,862.4330237794724
katoomba,754.4491092566957
katoomba,726.1891662773852
katoomba,743.7938548010098
katoomba,535.7089032032745
katoomba,1473.8175370075012
katoomba,340.182520688208
katoomba,706.359313233474
katoomba,1177.7591433581572
katoomba,1463.1723066474199
katoomba,589.1239061465083
katoomba,431.7939058825722
katoomba,399.39867309828753
katoomba,168.40838481113963
katoomba,645.0370329106352
katoomba,330.50651145303914
katoomba,310.16240130654217
katoomba,1435.2998506696367
katoomba,382.6896052689954
katoomba,1228.5740462841134
katoomba,542.6438760060871
katoomba,258.3675753352154
katoomba,1081.2850678412146
katoomba,588.422791204167
katoomba,633.2165145717496
katoomba,130.28373620319812
katoomba,778.6408471191435
katoomba,895.2755855225349
katoomba,1485.0429425659195
katoomba,1333.178518376888
katoomba,304.5011942450676
katoomba,635.564566971741
katoomba,122.37461511169798
katoomba,221.32827445851956
katoomba,413.78715275583903
katoomba,1097.9478908257793
katoomba,1341.9187817823952
katoomba,476.27227545195433
katoomba,592.8985948718055
katoomba,1314.7957518008209
katoomba,1330.333999019554
katoomba,306.1531357557128
katoomba,389.314223828895
katoomba,355.9599930563162
katoomba,1393.7841347685603
katoomba,219.7079783837127
katoomba,1043.568000914424
katoomba,395.71708769452647
katoomba,905.8298105677685
katoomba,1016.7814120565355
katoomba,1265.4474164221526
katoomba,602.3208558271976
katoomba,452.1691225948019
katoomba,482.5504678276012
katoomba,1418.6432572429442
katoomba,1292.5574670107255
katoomba,1137.420196296118
katoomba,262.3344621793739
katoomba,1077.4011373406024
katoomba,722.8715009277292
katoomba,349.2540284979581
katoomba,560.7171656186697
katoomba,983.4387351230679
katoomba,685.6964573662074
katoomba,1482.5462485804867
katoomba,1403.3002661421367
katoomba,738.6577392740437
katoomba,863.7791445851345
katoomba,1190.118230609879
katoomba,331.5140920687843
katoomba,1411.2854263206175
katoomba,114.80028852333817
katoomba,444.18254136413833
katoomba,1054.197902320453
katoomba,765.6540597103351
katoomba,683.9835336306263
katoomba,688.6385058151438
katoomba,379.9760479345726
katoomba,1165.1817864791612
katoomba,1297.3606695497026
katoomba,977.0329706299319
katoomba,973.9329512421745
katoomba,1216.3183789629684
katoomba,1484.8262230169507
katoomba,728.4812196371201
katoomba,921.3455566191082
katoomba,242.2705694043436
katoomba,1464.6184208287484
katoomba,737.5508381767337
katoomba,389.4552708564013
katoomba,1321.3370206224993
katoomba,355.2752285711594
katoomba,848.5930703147802
katoomba,819.2821009165215
katoomba,492.1947623299407
katoomba,737.6145997199155
katoomba,981.0605993249491
katoomba,1221.755703335739
katoomba,802.0578769952806
katoomba,299.7600129776164
katoomba,655.199383739681
katoomba,711.598951760853
katoomba,769.2694767968336
katoomba,1011.521513590964
katoomba,1457.1414209224627
katoomba,1463.0636470368372
katoomba,266.97057002808464
katoomba,1361.8230506204252
katoomba,898.7683886414167
katoomba,358.4909204431755
katoomba,116.68446555141009
katoomba,647.9396149670754
katoomba,1216.6492419620129
katoomba,1290.1602434452152
katoomba,831.4686964121198
katoomba,670.7834614916687
katoomba,856.3930201548233
katoomba,789.838740373235
katoomba,1311.3763641221713
katoomba,423.02860375657394
katoomba,1100.4317894923502
katoomba,199.7919318895511
katoomba,537.95895214438
katoomba,1068.9643558741136
katoomba,1015.5504562130781
katoomba,1161.8338635201742
katoomba,1188.0204649254706
katoomba,503.0557182220239
katoomba,1260.7017048869245
katoomba,461.5699672344571
katoomba,121.80595292868878
katoomba,1216.2184818540472
katoomba,1012.9132074755723
katoomba,523.8610903405104
katoomba,1082.8246005424426
katoomba,1074.041589521072
katoomba,1355.1701487637072
katoomba,223.52663547712228
katoomba,1241.4122158899213
katoomba,734.3993566209306
katoomba,1352.1590083865372
katoomba,1169.124764495288
katoomba,700.2375809915371
katoomba,1423.6171996339103
katoomba,545.6351701164385
katoomba,1227.410301731512
katoomba,405.55801014003856
katoomba,1467.430687521656
katoomba,641.417957528956
katoomba,533.1034244050084
katoomba,1303.0635776424451
katoomba,665.4348588435165
katoomba,1405.2945683156208
katoomba,1114.3062942043825
katoomba,517.2657814025512
katoomba,194.57600221990677
katoomba,761.3172748665307
katoomba,1075.7307710912296
katoomba,273.93391434266414
katoomba,606.5169976164107
katoomba,1213.980579213212
katoomba,1326.0110037212255
katoomba,1413.2596059085763
katoomba,964.3996729673993
katoomba,259.31478525025875
katoomba,1235.3589336059888
katoomba,645.3222575239191
katoomba,580.3514667271768
katoomba,1331.6775729862147
katoomba,142.69158180870625
katoomba,539.5737804931916
katoomba,652.8021999174474
katoomba,871.3330129854739
katoomba,949.4580546943993
katoomba,215.6577827777793
katoomba,663.8940892757048
katoomba,205.11506720249994
katoomba,789.7790118090581
katoomba,113.09299562611028
katoomba,684.0405878538105
katoomba,767.8394727235252
katoomba,1260.468285965099
katoomba,1400.7324767936016
katoomba,1407.1116996886942
katoomba,835.7708406685706
katoomba,1141.2293455434783
katoomba,841.6106421063689
katoomba,316.84634594099214
katoomba,1363.9217686512009
katoomba,1324.2920112219754
katoomba,1048.2808619239208
katoomba,844.1888713443125
katoomba,176.8631582871398
katoomba,713.9546347411782
katoomba,247.54207444249866
katoomba,1255.4980366782404
katoomba,753.4376119743561
katoomba,303.1988458116053
katoomba,1171.088234604812
katoomba,458.55898151836294
katoomba,304.8645054882653
katoomba,494.3348859564666
katoomba,430.75179707663597
katoomba,1484.319671032525
katoomba,1402.4147485793335
katoomba,747.9564751361548
katoomba,138.05076610360572
katoomba,772.8731857724107
katoomba,675.3278765851217
katoomba,783.7107189386155
katoomba,702.8258183436335
katoomba,1450.538848380656
katoomba,1065.5131127418222
katoomba,165.13749657465377
katoomba,1342.6492203980936
katoomba,457.72608439485873
katoomba,1308.917975266114
katoomba,1300.4203271272452
katoomba,325.59956854732127
katoomba,1365.606393783758
katoomba,502.6728129641137
katoomba,1315.4945586874326
katoomba,531.1314630714078
katoomba,644.1991227335872
katoomba,687.2634691099001
katoomba,1470.6326839180103
katoomba,256.00271138151936
katoomba,428.3676744688929
katoomba,1418.8649625980167
katoomba,281.7112361594849
katoomba,723.077545886239
katoomba,1450.826814945904
katoomba,1072.636417148493
katoomba,1029.7000999841778
katoomba,829.0086829935294
katoomba,408.3198491017804
katoomba,375.0872501022414
katoomba,618.1662681118866
katoomba,660.6738880853827
katoomba,1424.5778915362182
katoomba,624.9752711596783
katoomba,983.6196975824956
katoomba,1204.2379904487518
katoomba,213.29504589056017
katoomba,1482.651165612752
katoomba,1325.8807837929016
katoomba,338.84244080642156
katoomba,1020.2650797477577
katoomba,558.6262611046513
katoomba,1004.3664511305881
katoomba,566.7092676053006
katoomba,1256.2676770050393
katoomba,1275.6446115776935
katoomba,777.8942526126959
katoomba,773.229278606706
katoomba,343.74355910330394
katoomba,1411.4702154766283
katoomba,581.7722881234585
katoomba,1232.5505073749869
katoomba,928.5676952932641
katoomba,1393.2158537433659
katoomba,505.42424770001963
katoomba,110.72792513163579
katoomba,369.9385000751849
katoomba,1491.4295241608222
katoomba,293.32689622675804
katoomba,683.3974618179933
katoomba,802.3462477046229
katoomba,1103.2595359869715
katoomba,1029.0402578343942
katoomba,1115.539734184086
katoomba,576.4892888638676
katoomba,1395.24936478829
katoomba,789.1464842738283
katoomba,329.7791760477419
katoomba,849.3196784603924
katoomba,182.5531471168479
katoomba,605.3081282518699
katoomba,239.57108155825745
katoomba,1071.082936486185
katoomba,1287.5563647521492
katoomba,526.3087749964668
katoomba,1130.056561029132
katoomba,1179.3459487933785
katoomba,1072.059535189916
katoomba,129.0686005691973
katoomba,1330.0170117124228
katoomba,1134.7604142294767
katoomba,1305.2495994350802
katoomba,1285.7654903226842
katoomba,1441.122217246834
katoomba,1353.4530084064022
katoomba,1079.1219318368908
katoomba,1235.0275809422328
katoomba,1089.9721445264804
katoomba,290.06397612685055
katoomba,503.9175510446658
katoomba,609.1220792450517
katoomba,1027.7344239479812
katoomba,1157.1647710945965
katoomba,404.37241553868546
katoomba,763.6503474493386
katoomba,1022.9887291287026
katoomba,714.4754277186496
katoomba,1334.7979595995155
katoomba,680.520904321244
katoomba,1092.264128707343
katoomba,823.2248053471386
katoomba,123.6177517750177
katoomba,491.53209955676687
katoomba,606.9759451052018
katoomba,644.8816052670165
katoomba,1470.9244340574442
katoomba,776.1113298824533
katoomba,219.53450650879884
katoomba,423.71514234886666
katoomba,1093.7683430600728
katoomba,717.0880572417292
katoomba,884.397204577401
katoomba,219.34517531622726
katoomba,634.0247435805235
katoomba,1206.9236437768598
katoomba,1400.3822567427858
katoomba,191.90329796442228
katoomba,161.22660324603714
katoomba,1088.3430223027385
katoomba,968.2790224225575
katoomba,361.7329719205338
katoomba,1230.1415782772415
katoomba,554.2947284814766
katoomba,387.200888201645
katoomba,369.53369710515284
katoomba,662.3516549091391
katoomba,363.97821944692726
katoomba,995.5551500888804
katoomba,646.088146432434
katoomba,1287.645820983176
katoomba,600.5600454066646
katoomba,469.5729516475867
katoomba,788.6928261948567
katoomba,1269.366358236932
katoomba,208.5035163149576
katoomba,1424.9720543377955
katoomba,189.3916698408413
katoomba,845.1106281814319
katoomba,808.4949322910105
katoomba,147.22352151653175
katoomba,1136.9449239230503
katoomba,1084.978914096651
katoomba,1463.495815427831
katoomba,1447.7858863673487
katoomba,1482.6660042454594
katoomba,599.5143887852356
katoomba,362.99274445672444
katoomba,634.6588994218779
katoomba,1295.9471217966643
katoomba,514.8200537363941
katoomba,250.5458076121208
katoomba,645.5026499249661
katoomba,1017.2225038711183
katoomba,284.6338018633059
katoomba,1498.6925127330678
katoomba,703.0442360276511
katoomba,1338.8786805304487
katoomba,1430.7405273817503
katoomba,190.25108725373127
katoomba,356.50899331125714
katoomba,801.4981842606377
katoomba,1281.1281912126417
katoomba,1251.049356237301
katoomba,1106.1359382218657
katoomba,876.0420338832985
katoomba,1115.7359406962514
katoomba,294.35675237526686
katoomba,794.4710450618231
katoomba,662.8426536296438
katoomba,1252.7256106036973
katoomba,642.2074464714859
katoomba,1037.3208651589334
katoomba,767.6686119271088
katoomba,318.8201839829609
katoomba,882.3970956437029
katoomba,1338.5363345520898
katoomba,1033.8554187625168
katoomba,289.3506026454198
katoomba,486.22787208226947
katoomba,408.15085059974666
katoomba,740.6731224378619
katoomba,613.5743502974768
katoomba,732.0010895777855
katoomba,958.454455981018
katoomba,1318.2150549003436
katoomba,221.33920081854018
katoomba,489.7903584105401
katoomba,409.4235851330947
katoomba,1024.7861667700195
katoomba,958.7075922369114
katoomba,1466.6931006293607
katoomba,1089.526857216597
katoomba,824.3658620608489
katoomba,513.1091291497476
katoomba,606.653985551782
katoomba,551.3309443986641
katoomba,161.49045124343516
katoomba,285.0603607060839
katoomba,672.179748953144
katoomba,1295.6633451185367
katoomba,1342.936274638983
katoomba,919.5286082226116
katoomba,788.6376426331976
katoomba,776.0820468862795
katoomba,223.78489207183162
katoomba,139.88255402295505
katoomba,428.0176048255802
katoomba,201.69530132856607
katoomba,814.1998006187993
katoomba,338.233033481494
katoomba,954.9801332754415
katoomba,1437.6587134928116
katoomba,1007.5777878057377
katoomba,392.5509557689808
katoomba,161.2915286957658
katoomba,834.3945715553326
katoomba,198.92578172605215
katoomba,246.31808583607037
katoomba,388.6640726226764
katoomba,1050.7100040408793
katoomba,539.2003763918096
katoomba,1286.4689060207122
katoomba,1077.7190035415974
katoomba,1330.0018005202103
katoomba,1315.2718976610643
katoomba,355.3982582130126
katoomba,1095.631990566755
katoomba,512.3640584994155
katoomba,246.37540162745847
katoomba,1257.57730807004
katoomba,1314.8077307474734
katoomba,1236.1584354160764
katoomba,842.2665271120928
katoomba,671.2214717001546
katoomba,138.11893202494193
katoomba,440.52890783295106
katoomba,1377.848423420869
katoomba,1118.1120263269154
katoomba,649.4987334889609
katoomba,343.3042951489467
katoomba,850.2040183509354
katoomba,450.4170784019066
katoomba,278.07243468169565
katoomba,673.9743320088991
katoomba,326.8161202124294
katoomba,754.3987305949034
katoomba,176.840815013756
katoomba,1248.6786657832527
katoomba,540.0483218921571
katoomba,734.8782086127635
katoomba,111.64223499001855
katoomba,422.6905500038763
katoomba,688.3455200827811
katoomba,569.4699207238507
katoomba,837.2199499739532
katoomba,1367.909619689046
katoomba,1360.1422911835314
katoomba,1183.365619229082
katoomba,803.80915305759
katoomba,1044.746401013082
katoomba,1313.6268997524176
katoomba,795.6717059074771
katoomba,1314.2635245259332
katoomba,209.05399312950038
katoomba,868.6355624802106
katoomba,402.72194444611983
katoomba,513.5490284535283
katoomba,723.0708396101364
katoomba,694.752777626132
katoomba,243.1756969129734
katoomba,949.1032742635866
katoomba,567.8041624696764
katoomba,227.73444726526932
katoomba,635.0123004327667
katoomba,1361.9515636182405
katoomba,1076.0085899404992
katoomba,493.40689266388745
katoomba,1470.568984991217
katoomba,858.8309645433495
katoomba,901.1326212584917
katoomba,262.42414507652524
katoomba,165.1098278338839
katoomba,1220.0946272056626
katoomba,475.3938861145788
katoomba,1066.9791159648985
katoomba,321.2666218223384
katoomba,720.2661870178792
katoomba,456.52636847588406
katoomba,892.1118523856564
katoomba,176.35783355063816
katoomba,1309.4379283742524
katoomba,785.2790168206549
katoomba,1219.1105354105139
katoomba,1343.4803957708293
katoomba,1414.0552854368032
katoomba,891.214215086574
katoomba,514.1676162621311
katoomba,1412.3547184954036
katoomba,980.7790035147684
katoomba,985.4693761906167
katoomba,287.0703028523701
katoomba,899.8227160330473
katoomba,1399.7002656462146
katoomba,144.72271628873324
katoomba,1017.4547307631876
katoomba,337.80138181683867
katoomba,701.6699680515245
katoomba,977.9384147708563
katoomba,189.19258972120343
katoomba,808.8666299556004
katoomba,1100.7886799054468
katoomba,1460.560984290171
katoomba,952.7639378071809
katoomba,512.225845949828
katoomba,906.890212211925
katoomba,803.0539272151397
katoomba,420.36202644911094
katoomba,960.6385433354632
katoomba,195.51703444717165
katoomba,238.22818221011542
katoomba,818.5941619554927
katoomba,395.5178454058943
katoomba,453.8874189608312
katoomba,1037.791238860373
katoomba,980.2714027959054
katoomba,1274.7231897210243
katoomba,703.1742754499243
katoomba,774.913413031848
katoomba,1438.9366403580013
katoomba,1286.7502739692825
katoomba,1363.2159023303977
katoomba,106.73332428037324
katoomba,228.31548449708623
katoomba,1338.1562643682628
katoomba,736.559175824541
katoomba,627.6848842101309
katoomba,273.0991696456368
katoomba,1333.3106307979804
katoomba,1306.4101046075305
katoomba,807.3154718494653
katoomba,351.217079582907
katoomba,894.4343248227252
katoomba,1387.2106326844755
katoomba,357.6630493279299
katoomba,763.3666819280746
katoomba,199.49315500060538
katoomba,621.6506706986058
katoomba,636.2036757035977
katoomba,134.0313938666891
katoomba,669.5995710861605
katoomba,217.94318918055774
katoomba,392.38041354531407
katoomba,1023.0654050575293
katoomba,1221.8038732672776
katoomba,599.4256471326164
katoomba,838.578659267609
katoomba,1117.1745279391025
katoomba,1068.8877951770064
katoomba,1230.318952541075
katoomba,1264.1763334669583
katoomba,955.9692691189542
katoomba,322.4333435137431
katoomba,1230.6180749031778
katoomba,1108.201078406848
katoomba,1026.6837382523993
katoomba,221.5803021958934
katoomba,279.334377013821
katoomba,591.4511447276304
katoomba,977.0685334701169
katoomba,1221.6595114003408
katoomba,1069.867537605143
katoomba,1438.799091922546
katoomba,373.7124439833022
katoomba,913.2249019364717
katoomba,760.8092223317695
katoomba,1416.745949176622
katoomba,1086.5570771947337
katoomba,482.01168631154377
katoomba,1006.107646411493
katoomba,473.15001515516946
katoomba,217.16706132667946
katoomba,705.4655219777152
katoomba,955.3854522684055
katoomba,682.1825596728547
katoomba,855.1951209311909
katoomba,1128.7878183469916
katoomba,341.19200891909213
katoomba,301.82891004579943
katoomba,1240.4107814894971
katoomba,1361.0736992214368
katoomba,1432.647189480746
katoomba,1011.4440340916384
katoomba,1162.0845324987258
katoomba,943.2566521194891
katoomba,1399.778388841039
katoomba,728.3962125887562
katoomba,1200.4144326849193
katoomba,1329.7470543617574
katoomba,929.8495129458476
katoomba,512.098747875735
katoomba,1184.330393430721
katoomba,154.92215452129983
katoomba,211.07731585961022
katoomba,1056.6517853638766
katoomba,1242.0682192615843
katoomba,892.8265258025747
katoomba,167.93428621334135
katoomba,679.4246593606621
katoomba,690.5252238209267
katoomba,1290.8602956484474
katoomba,817.0970726024947
katoomba,340.7436631562424
katoomba,1152.830636516667
katoomba,1015.6508506981785
katoomba,1266.3259941882704
katoomba,1337.5704430152116
katoomba,430.51647483091574
katoomba,1092.8556629781533
katoomba,626.3854517216323
katoomba,464.3192524098137
katoomba,687.6877831267296
katoomba,1390.4848131133172
katoomba,321.041030381356
katoomba,1157.785869511622
katoomba,682.3860305302941
katoomba,1464.581888719465
katoomba,1366.570690386013
katoomba,1488.6446990065563
katoomba,579.6824489660432
katoomba,251.1631624257417
katoomba,668.660410514775
katoomba,642.8864992317605
katoomba,1227.9235896057098
katoomba,521.983236326837
katoomba,252.01521987356418
katoomba,1073.2612579444942
katoomba,497.383829525103
katoomba,596.2440139091293
katoomba,275.8987663058007
katoomba,635.6397835085579
katoomba,597.8000248421697
katoomba,1001.6915298445647
katoomba,1436.9188920848744
katoomba,133.13919963953145
katoomba,279.9133668038536
katoomba,813.8117245166897
katoomba,365.5249823074662
katoomba,1338.3480423050655
katoomba,1326.2836476050327
katoomba,1001.6312668558961
katoomba,636.5498022938149
katoomba,979.4161159709174
katoomba,326.3548546473513
katoomba,1160.2319882195568
katoomba,1347.945409752467
katoomba,172.65450863377765
katoomba,693.5019950032754
katoomba,400.97502801702336
katoomba,468.3872833116846
katoomba,754.6046451633449
katoomba,514.4426323562412
katoomba,683.6095957956813
katoomba,1078.5128333184011
katoomba,1082.3744363315095
katoomba,1356.0411489507403
katoomba,934.5951124348305
katoomba,326.5802037446532
katoomba,1015.5527933520054
katoomba,212.5459353664544
katoomba,1315.551338986832
katoomba,704.5476762741987
katoomba,437.6325852295666
katoomba,720.986240612873
katoomba,1045.9392989927114
katoomba,579.0301852895869
katoomba,1178.5508833089673
katoomba,1205.2770121810636
katoomba,1028.51581222767
katoomba,867.5628602870905
katoomba,1316.4987898824031
katoomba,1182.2174267584924
katoomba,1155.096280760773
katoomba,672.3734441984541
katoomba,941.2373413784085
katoomba,1196.4269410132638
katoomba,1308.3904646003496
katoomba,1258.558987871613
katoomba,119.60509548709356
katoomba,1284.4256156246142
katoomba,1338.9850652985008
katoomba,607.589400363029
katoomba,1383.5235259769981
katoomba,1158.9350628356906
katoomba,212.02208235537287
katoomba,934.6244007645281
katoomba,889.2141841256308
katoomba,1430.3273951189312
katoomba,1158.787262696201
katoomba,505.5923416117761
katoomba,479.88880655653895
katoomba,128.09813427575602
katoomba,1088.853002176716
katoomba,795.5867633083603
katoomba,1242.5416415542036
katoomba,389.5038344271667
katoomba,194.5407854273106
katoomba,1278.5780244629673
katoomba,1148.1834210128384
katoomba,188.25860087582447
katoomba,631.7411661566103
katoomba,147.2729815555603
katoomba,681.3226571379399
katoomba,1221.6540475092243
katoomba,1352.266318293013
katoomba,1008.2874804757718
katoomba,1215.642073496175
katoomba,393.7194217358663
katoomba,1320.9512564077638
katoomba,573.8336640126059
katoomba,284.4332945573407
katoomba,951.6804334671556
katoomba,687.5135141950963
katoomba,712.9255287303569
katoomba,1006.3593490286493
katoomba,1435.5910627067822
katoomba,1264.2204521841431
katoomba,207.3222076822654
katoomba,1423.2942825997077
katoomba,389.7681546446443
katoomba,1415.526862822227
katoomba,637.9448264571835
katoomba,375.8880413941314
katoomba,960.3876702419135
katoomba,546.6761135227301
katoomba,904.3650149580449
katoomba,1204.8206226161942
katoomba,1208.942819556446
katoomba,164.3080748186437
katoomba,675.2912946437949
katoomba,1390.0017787433176
katoomba,162.9933515158266
katoomba,1329.5685485682443
katoomba,206.3701971742421
katoomba,1211.518948168412
katoomba,1399.3218348100395
katoomba,1178.235744634918
katoomba,589.7824650891124
katoomba,663.6708329730682
katoomba,1286.226370144671
katoomba,848.0021353865307
katoomba,950.1352107367023
katoomba,1469.4823842939493
katoomba,560.7315858353313
katoomba,1097.1227382374634
katoomba,1112.7259396888608
katoomba,671.9266698598076
katoomba,203.1096677735095
katoomba,617.2785288387118
katoomba,198.47210796885219
katoomba,1079.6184893042166
katoomba,748.827277725709
katoomba,507.2752778661495
katoomba,1201.5558545675124
katoomba,390.6606127535651
katoomba,1475.4491071722841
katoomba,404.03495210913076
katoomba,1025.1953717141607
katoomba,1341.3627801777998
katoomba,615.739143015617
katoomba,1266.3373531353723
katoomba,111.46199582752214
katoomba,1086.1148649406055
katoomba,988.2470971743072
katoomba,984.1761092581519
katoomba,1287.0358458074393
katoomba,1409.1618065522398
katoomba,480.33110641522603
katoomba,766.0482082431729
katoomba,1458.3943693805138
katoomba,1355.6417186386188
katoomba,170.577248536521
katoomba,447.34672557842896
katoomba,245.75183645192632
katoomba,917.7030860408265
katoomba,650.3590619782107
katoomba,431.0642618246412
katoomba,1499.5304482102947
katoomba,469.5034164568231
katoomba,210.19578812374587
katoomba,328.5273450185801
katoomba,1032.4909599337288
katoomba,837.3600799356171
katoomba,483.53335449113507
katoomba,1129.0497465860362
katoomba,246.94891561639912
katoomba,1166.5060106069739
katoomba,868.0465586703855
katoomba,1313.3378199314288
katoomba,1025.9523685605986
katoomba,280.1809734967951
katoomba,439.5630414764247
katoomba,1338.5957575027176
katoomba,429.4186960459747
katoomba,443.56680285497356
katoomba,527.1453123633577
katoomba,534.1095153287915
katoomba,109.49002110592716
katoomba,739.7407592276004
katoomba,270.70386589634353
katoomba,397.8759580006406
katoomba,372.20023121947736
katoomba,1220.1164376249826
katoomba,727.3115371481938
katoomba,1405.3713773302213
katoomba,618.2136508863993
katoomba,1317.540595576401
katoomba,956.578904421547
katoomba,1378.4069510956829
katoomba,424.8668383592762
katoomba,134.3154001097849
katoomba,611.7321004025335
katoomba,183.54401234005843
katoomba,1483.1702353578225
katoomba,1225.9786068078545
katoomba,353.02845252568375
katoomba,1278.526973250856
katoomba,456.84637854460703
katoomba,261.2266024680168
katoomba,232.6206588026459
katoomba,1378.2439807271944
katoomba,293.0498819379744
katoomba,1340.6835607506152
katoomba,1433.6584619539033
katoomba,1389.7088619846027
katoomba,1012.1569851013351
katoomba,610.8062590313755
katoomba,1250.3064914632018
katoomba,213.45934799509143
katoomba,1082.7173226002596
katoomba,151.97049107969343
katoomba,218.19115190110094
katoomba,733.3430441901171
katoomba,644.8035499683765
katoomba,111.75781496154318
katoomba,1223.7872767164213
katoomba,546.2265802069535
katoomba,515.6263519442568
katoomba,1338.05631215484
katoomba,868.2824979071647
katoomba,1064.449134805435
katoomba,1429.7198712432778
katoomba,1368.9922349731896
katoomba,1036.747047110777
katoomba,662.5420722954394
katoomba,941.2145667547833
katoomba,1393.7444162938166
katoomba,324.2829133047858
katoomba,673.4012432053759
katoomba,611.2931576547132
katoomba,1166.397142039953
katoomba,1370.6611832800902
katoomba,1319.767842175812
katoomba,687.9938446952458
katoomba,309.14323040423295
katoomba,314.33106218528457
katoomba,320.13434441487846
katoomba,390.7382272120685
katoomba,1342.1176632486224
katoomba,287.9221631158954
katoomba,807.9230816841729
katoomba,1047.2773423486774
katoomba,253.46306802858228
katoomba,560.5192880988459
katoomba,1065.2272780348246
katoomba,1079.5843183700013
katoomba,1374.5178907801255
katoomba,621.396727168639
katoomba,390.7384112340989
katoomba,154.78489201049786
katoomba,491.3757614849685
katoomba,739.0197629769117
katoomba,482.37960942388474
katoomba,549.6146457743025
katoomba,1246.0357712844022
katoomba,609.5633730027512
katoomba,1364.740399728922
katoomba,508.5343153592023
katoomba,141.44435751946733
katoomba,1428.9040605145165
katoomba,170.03529847083945
katoomba,699.4253967281395
katoomba,1451.673681776454
katoomba,999.5964161517298
katoomba,633.9719731017747
katoomba,835.3356046208448
katoomba,121.49450634963135
katoomba,561.304056144415
katoomba,392.6818698826359
katoomba,1166.0712506602977
katoomba,1099.8806875628034
katoomba,1078.049547262457
katoomba,1412.0324969703597
katoomba,181.8347399608141
katoomba,837.2006956554908
katoomba,382.39013022485835
katoomba,1266.2025294825032
katoomba,1479.6526863382292
katoomba,283.0614128802383
katoomba,396.7061175757612
katoomba,868.7719187631318
katoomba,903.8343009127898
katoomba,422.1084804161585
katoomba,1475.5129436782681
katoomba,784.8842378005515
katoomba,635.4902160361315
katoomba,218.92822865839108
katoomba,746.5532646874888
katoomba,1396.2160141703548
katoomba,1036.9698404569654
katoomba,1176.1553114446626
katoomba,1013.366592065644
katoomba,546.4583471636633
katoomba,884.106870097063
katoomba,263.6238834937101
katoomba,834.0684957045721
katoomba,117.5347543112472
katoomba,651.6146225277794
katoomba,1253.6955055091692
katoomba,650.3016270446747
katoomba,826.5273292374176
katoomba,241.9313344538761
katoomba,1364.722217473578
katoomba,431.05416701823884
katoomba,1376.4022612555805
katoomba,1439.1929429461825
katoomba,1208.4694641336569
katoomba,1017.0014537071652
katoomba,1084.8188447566945
katoomba,1373.6680516384477
katoomba,910.9331495229917
katoomba,1225.0578582610501
katoomba,173.6723807247651
katoomba,601.6872034863536
katoomba,1468.1359370605246
katoomba,1352.0394480053292
katoomba,301.8153284928892
katoomba,1212.9399192439887
katoomba,985.0553529230327
katoomba,230.40122836476976
katoomba,178.8334316810742
katoomba,399.55913786509603
katoomba,1447.7452397195914
katoomba,783.4003129072229
katoomba,1009.1909448473259
katoomba,276.38744296474215
katoomba,1315.1165450560472
katoomba,363.0265022481221
katoomba,425.4932870321226
katoomba,1034.0586515353466
katoomba,670.4327094741082
katoomba,797.5791949421584
katoomba,763.1010429641685
katoomba,944.4918253249106
katoomba,905.2702861646093
katoomba,449.20939465390506
katoomba,1425.0553535038275
katoomba,455.3187609501614
katoomba,1090.723234422705
katoomba,1303.4339469437
katoomba,1238.774882712002
katoomba,1258.9857801944854
katoomba,1233.7558361076651
katoomba,1072.0026155148441
katoomba,324.46780214547675
katoomba,1472.4407448142988
katoomba,670.6733213985325
katoomba,207.23726366972284
katoomba,143.66072674377057
katoomba,903.8242916239287
katoomba,130.09736642986869
katoomba,1326.932772911505
katoomba,707.1040188834074
katoomba,584.0543064646242
katoomba,758.6785486512938
katoomba,1374.741468100843
katoomba,439.37948856676854
katoomba,727.5281690699982
katoomba,1261.172224964602
katoomba,221.9046503139572
katoomba,269.5015346935362
katoomba,645.0100955133433
katoomba,814.3755563428122
katoomba,530.8052865083695
katoomba,814.8155662368943
katoomba,656.0300879511826
katoomba,583.3680557639557
katoomba,550.2278698089247
katoomba,1476.3477395393256
katoomba,895.4243874111478
katoomba,541.1003043660384
katoomba,862.487854453049
katoomba,831.8327292313669
katoomba,746.5806320918471
katoomba,438.18165523932424
katoomba,1473.7683058299328
katoomba,1263.6899149790113
katoomba,698.734183213444
katoomba,407.7422126902127
katoomba,1386.555111078953
katoomba,805.4951076842393
katoomba,1371.1533011862116
katoomba,421.7089998090304
katoomba,879.49572164034
katoomba,245.1849441139024
katoomba,1146.2900366844858
katoomba,1351.2255286723284
katoomba,1113.2341062576888
katoomba,374.81606727536837
katoomba,860.9990022200209
katoomba,1482.7021642584168
katoomba,554.167913583956
katoomba,771.9758670414594
katoomba,1308.3356105480816
katoomba,275.22576456722936
katoomba,989.3451500978898
katoomba,116.36456739563454
katoomba,726.6531468259038
katoomba,398.2775253945899
katoomba,782.2756105659986
katoomba,426.82852867452914
katoomba,831.3174165493148
katoomba,435.93210279829515
katoomba,582.2763951346703
katoomba,393.47285660917237
katoomba,1180.0156273077182
katoomba,270.03649166545927
katoomba,1438.4193530594998
katoomba,1396.6409301804508
katoomba,608.1678396859465
katoomba,486.7328782847417
katoomba,209.07139189591302
katoomba,433.71502996324926
katoomba,1177.6744841693203
katoomba,1128.6699963832434
katoomba,1188.8937332147104
katoomba,694.5209044645329
katoomba,171.59356701407035
katoomba,1275.1870279815653
katoomba,161.4085539294641
katoomba,313.46846717179665
katoomba,1423.36658915863
katoomba,839.5495303301401
katoomba,335.5110822954308
katoomba,784.6889847135872
katoomba,206.06213153074907
katoomba,1340.789316626816
katoomba,180.15397750806784
katoomba,478.00331026576276
katoomba,1092.794182514519
katoomba,1210.6243683306575
katoomba,1179.1783726079075
katoomba,1385.0684080478575
katoomba,950.0217474359564
katoomba,1008.407494477081
katoomba,801.7613897834465
katoomba,262.27970951164906
katoomba,1476.7250583289833
katoomba,325.33896287932157
katoomba,770.8432150550537
katoomba,177.84244037905552
katoomba,252.27106268330104
katoomba,221.0042434623997
katoomba,655.7551255093808
katoomba,1357.6459690968693
katoomba,360.08656249412354
katoomba,1071.984235271378
katoomba,1335.8927599389867
katoomba,117.10747606431758
katoomba,640.1948609208008
katoomba,195.6138026551609
katoomba,1480.464909158069
katoomba,673.6564467023708
katoomba,1427.4868477701725
katoomba,1165.2188933847522
katoomba,1262.2942776727407
katoomba,230.40520214500714
katoomba,888.8568369944352
katoomba,851.6885828873367
katoomba,309.9130838531403
katoomba,469.60295674950413
katoomba,846.9326831347914
katoomba,1019.4727181095961
katoomba,462.04137018166574
katoomba,1207.6215732979358
katoomba,374.01184868001053
katoomba,565.7511129219179
katoomba,700.8644961518675
katoomba,1311.6662120780697
katoomba,424.74458881894327
katoomba,642.3671987131642
katoomba,875.8120455206796
katoomba,143.5344005496339
katoomba,647.3994508943566
katoomba,1173.0137208799692
katoomba,601.3140235315318
katoomba,422.322827149154
katoomba,583.9159277546048
katoomba,482.78052692520185
katoomba,261.6369882500593
katoomba,1491.5137788986754
katoomba,117.61714687761464
katoomba,991.7123239257479
katoomba,294.49596268670007
katoomba,491.12771402443934
katoomba,1305.5154951683542
katoomba,1337.4321187094058
katoomba,1351.5592594427549
katoomba,679.597923907126
katoomba,854.756964150524
katoomba,577.500341954506
katoomba,1058.8188381875702
katoomba,885.7543531318172
katoomba,884.1926449216985
katoomba,700.7610614426047
katoomba,1384.6970649129748
katoomba,680.0852270375929
katoomba,643.4205250289633
katoomba,751.2223534724479
katoomba,1257.1396712734668
katoomba,856.4142020178347
katoomba,456.84164203145536
katoomba,1045.3124876962438
katoomba,955.2434449401186
katoomba,149.89787657899262
katoomba,1047.2088325875302
katoomba,1130.1758262227158
katoomba,1236.4473167762617
katoomba,880.737114691333
katoomba,1017.4216314846703
katoomba,694.5792561428761
katoomba,1012.0071220184707
katoomba,292.5294439493639
katoomba,1047.6120098231181
katoomba,763.2721594476703
katoomba,973.7207098261822
katoomba,445.015181891632
katoomba,979.4731167115559
katoomba,860.0781911634863
katoomba,567.8013851134069
katoomba,704.0965240826033
katoomba,1167.7246251935026
katoomba,418.4849549820188
katoomba,819.6641268441509
katoomba,1100.8759685871637
katoomba,276.7970273308946
katoomba,507.03767122467974
katoomba,1017.6555518175002
katoomba,346.77025751783276
katoomba,1198.575848832821
katoomba,1002.070061883998
katoomba,154.30511714393788
katoomba,1421.530816277802
katoomba,1020.0235290942345
katoomba,1099.458093732942
katoomba,1232.6625160221197
katoomba,1145.7735851447062
katoomba,1488.464382396975
katoomba,257.2540839085653
katoomba,1031.2762248723623
katoomba,928.3961571017837
katoomba,133.81758402504175
katoomba,747.4705061689214
katoomba,927.8530974866424
katoomba,834.256724901854
katoomba,596.6182416041826
katoomba,961.5220536525316
katoomba,1085.907007112842
katoomba,1094.0414031802743
katoomba,922.9943958360285
katoomba,1450.2353940100993
katoomba,1215.9483360662578
katoomba,524.1171571996481
katoomba,271.33115752439255
katoomba,1226.0414265163085
katoomba,579.7688020772155
katoomba,307.2856209383915
katoomba,159.79673697613651
katoomba,627.5276445593169
katoomba,787.506699812214
katoomba,1446.6757150801386
katoomba,1350.527540379241
katoomba,1176.3096767005907
katoomba,533.5471376702801
katoomba,217.47459261477206
katoomba,544.2138939377919
katoomba,1435.3999839388437
katoomba,968.3340220737648
katoomba,1144.3050342728538
katoomba,438.322660007859
katoomba,851.7564613301796
katoomba,1452.9707592800855
katoomba,1485.1173016395283
katoomba,834.1599972308543
katoomba,808.7003752675537
katoomba,1263.2686064308523
katoomba,1446.3710381955575
katoomba,917.8819548977125
katoomba,1312.8075024235425
katoomba,1163.5892075046695
katoomba,447.03984108387
katoomba,1010.6898841368766
katoomba,915.9208252314365
katoomba,1491.3525100165257
katoomba,1336.8332519278708
katoomba,188.7163502728905
katoomba,1078.409128910102
katoomba,183.3087350635838
katoomba,716.4791541511325
katoomba,1065.4503472793376
katoomba,230.7718079050695
katoomba,1212.1726514148659
katoomba,831.1970189090669
katoomba,1340.8288410051593
katoomba,1295.1344802015594
katoomba,1163.3576388256622
katoomba,778.3089114812914
katoomba,1479.5905557466165
katoomba,1114.7929611381603
katoomba,1418.8222173718725
katoomba,1481.462241427952
katoomba,1157.4813528441691
katoomba,167.65863390471395
katoomba,961.202288813275
katoomba,1443.014759302878
katoomba,1190.9708465994067
katoomba,1327.0742474390904
katoomba,1114.3349769981287
katoomba,677.8254990893645
katoomba,297.76642395147144
katoomba,1163.799205091
katoomba,807.3391415394732
katoomba,1097.0489980512662
katoomba,226.79549120392508
katoomba,729.1040760367435
katoomba,417.48712667940833
katoomba,891.7548151293669
katoomba,299.58911599004523
katoomba,204.95867048385134
katoomba,757.984349150484
katoomba,724.0781789825079
katoomba,124.38232501200946
katoomba,506.12301605089544
katoomba,1356.2599742808138
katoomba,1155.8391039040994
katoomba,863.5582019019934
katoomba,1433.6904465302457
katoomba,192.21261015165263
katoomba,175.924479551904
katoomba,670.44578586892
katoomba,1113.338241800771
katoomba,1446.4373384648898
katoomba,1473.3763045416727
katoomba,175.61079438100847
katoomba,1472.4946365529306
katoomba,1477.8190632563517
katoomba,134.37947819940615
katoomba,686.6081432667953
katoomba,396.5425414178916
katoomba,1394.9183060788564
katoomba,274.9084541086852
katoomba,115.22085884829842
katoomba,835.4500255086534
katoomba,838.9371194857105
katoomba,293.0971862472147
katoomba,849.593571597275
katoomba,508.858784663883
katoomba,1179.1619489840173
katoomba,422.65182991015394
katoomba,1401.6030914405223
katoomba,494.381366506888
katoomba,791.1085937465704
katoomba,913.0208460710822
katoomba,1496.7107506749996
katoomba,1326.9353480792176
katoomba,113.31767923536025
katoomba,1091.754837864032
katoomba,901.938848691638
katoomba,1212.6151340118474
katoomba,1377.0815831097957
katoomba,833.3765851294519
katoomba,1131.5763856517535
katoomba,1056.5019544239474
katoomba,142.74597367967482
katoomba,945.4911039325759
katoomba,941.4135246385475
katoomba,109.70199635516873
katoomba,905.3290284870592
katoomba,993.7388587157161
katoomba,602.0171492739064
katoomba,1156.7579809095096
katoomba,831.6914330386696
katoomba,347.85592334396244
katoomba,270.89949636774395
katoomba,1447.712333132926
katoomba,523.3728795997166
katoomba,1035.4058144311866
katoomba,1091.0247355261504
katoomba,496.5170548269709
katoomba,722.4709658328403
katoomba,1496.7743868946436
katoomba,315.70986282842955
katoomba,1202.0977044515369
katoomba,322.6666036162319
katoomba,1340.732902394729
katoomba,1234.1332851427446
katoomba,883.0770251131296
katoomba,500.0002156631506
katoomba,1148.8868899455779
katoomba,403.7359868398782
katoomba,551.2223515029369
katoomba,453.16184012396394
katoomba,328.37500184957867
katoomba,1163.7427996241388
katoomba,252.07358434894442
katoomba,375.1942391821114
katoomba,236.54381971665197
katoomba,828.8181095348713
katoomba,174.98462375292473
katoomba,361.0945904122092
katoomba,1029.0201989282336
katoomba,1163.6389610296742
katoomba,551.585862386235
katoomba,249.14146780071184
katoomba,1454.4894013319563
katoomba,197.9675431207499
katoomba,704.7708881012751
katoomba,1314.7262349992398
katoomba,307.22485090293173
katoomba,1333.0289292263951
katoomba,642.5265198879805
katoomba,225.7073879596677
katoomba,902.5443239489069
katoomba,1013.5026131928563
katoomba,225.58219715072102
katoomba,394.8041581681954
katoomba,399.4720850296796
katoomba,395.68594424160455
katoomba,368.67419639531437
katoomba,1465.0116456416113
katoomba,1053.2124704572866
katoomba,1125.0114313742997
katoomba,1034.199135150682
katoomba,703.9379331339588
katoomba,433.023289495275
katoomba,410.2675239605963
katoomba,1471.7442989243457
katoomba,1022.7750442751845
katoomba,132.1109686886686
katoomba,890.3012208005483
katoomba,1109.220887750008
katoomba,240.0386862830647
katoomba,1303.7953141295964
katoomba,683.6075002745065
katoomba,199.49402384921294
katoomba,1286.2871451066012
katoomba,1468.3330700830195
katoomba,328.6070351431189
katoomba,1076.5269883933374
katoomba,1119.5178091505502
katoomba,433.0090103575826
katoomba,1074.8976693785885
katoomba,1373.7033719012522
katoomba,1091.8260316659826
katoomba,323.4251537674611
katoomba,289.19002498812563
katoomba,921.2458646751375
katoomba,1011.141524209374
katoomba,1321.4862454369415
katoomba,1345.429030363704
katoomba,497.6269862132495
katoomba,1436.6010053856864
katoomba,445.9711148494186
katoomba,1392.9242673430049
katoomba,1247.546950419157
katoomba,501.0599716387836
katoomba,180.47634966155326
katoomba,1094.7798645354628
katoomba,945.5830915426873
katoomba,1414.7564093389071
katoomba,517.1207269837547
katoomba,1289.2304573087401
katoomba,1386.8318798702073
katoomba,1287.804592385956
katoomba,539.4745191456152
katoomba,1079.8451201005937
katoomba,1180.2044371658892
katoomba,749.413192277559
katoomba,541.4208223902997
katoomba,447.80234378780875
katoomba,1135.3919192147757
katoomba,188.4553803582375
katoomba,384.49333631531266
katoomba,1339.0184311915646
katoomba,815.4087765755961
katoomba,203.29624185550813
katoomba,521.360987194046
katoomba,1439.811977049025
katoomba,554.5256896342669
katoomba,194.29236972365769
katoomba,874.4298804361035
katoomba,1091.7320220140068
katoomba,496.65018205642826
katoomba,884.5364065319737
katoomba,202.95306823281598
katoomba,575.2595541352898
katoomba,1459.0734763014152
katoomba,1448.4020454311087
katoomba,1025.0444528368175
katoomba,496.246253096608
katoomba,638.0677428877384
katoomba,742.5768284378141
katoomba,212.349855807276
katoomba,1303.0923573482116
katoomba,908.8458312043508
katoomba,846.153670221636
katoomba,1102.6139730645823
katoomba,1097.3280014966424
katoomba,1373.1112918164074
katoomba,336.8941604593192
katoomba,1353.0652992329162
katoomba,616.3727715160592
katoomba,257.7235716997983
katoomba,547.6351756457734
katoomba,1427.745983108564
katoomba,1090.318390429767
katoomba,1056.5789116703454
katoomba,466.7880976582638
katoomba,943.8452672181005
katoomba,1373.0147514700027
katoomba,295.2734133071443
katoomba,324.31515355942577
katoomba,571.3988849735725
katoomba,665.304457732029
katoomba,1339.910126342058
katoomba,658.5777039253869
katoomba,1406.519284891336
katoomba,492.45432070020735
katoomba,740.1369272095657
katoomba,116.12127134194516
katoomba,1007.1450310444558
katoomba,950.4833718895356
katoomba,557.6451842596327
katoomba,1194.415113696835
katoomba,709.793044651651
katoomba,500.9177323187798
katoomba,832.8019153641815
katoomba,162.62616266259334
katoomba,131.6612658388811
katoomba,393.2257614469229
katoomba,912.6557777647237
katoomba,763.8782459851001
katoomba,1252.7100670559537
katoomba,1423.408467711968
katoomba,1333.857982144055
katoomba,255.97883679826643
katoomba,516.3811514600518
katoomba,989.1942317759907
katoomba,1196.5402828046397
katoomba,323.1924026024758
katoomba,1415.1711591357018
katoomba,549.3755648312282
katoomba,269.36246276713155
katoomba,431.2169727179348
katoomba,1111.5357898465443
katoomba,569.2034414717693
katoomba,578.7982893621319
katoomba,1342.2213745944211
katoomba,235.51188001527368
katoomba,636.5417131140509
katoomba,1042.779903451284
katoomba,1429.7911541314347
katoomba,464.5123298925435
katoomba,857.9226045373122
katoomba,397.6300636441955
katoomba,1430.4219379853394
katoomba,526.4799147990905
katoomba,277.5645781392124
katoomba,916.7245758418389
katoomba,705.0155842703585
katoomba,301.33667406567486
katoomba,768.6732507826264
katoomba,784.343183063272
katoomba,1302.4886455728183
katoomba,1081.7109614223596
katoomba,1481.3922656191453
katoomba,940.2532756790999
katoomba,1212.320184858333
katoomba,1270.9880542260657
katoomba,810.6125078921485
katoomba,1473.52224183227
katoomba,746.5417591951834
katoomba,1386.5756632025227
katoomba,155.28132723972823
katoomba,917.4736776900141
katoomba,1016.5800126943554
katoomba,1039.764233765096
katoomba,402.65174524986713
katoomba,510.9317612790108
katoomba,439.76972862076684
katoomba,1261.113160902953
katoomba,551.2670320327026
katoomba,398.0617046978778
katoomba,1031.336967462565
katoomba,1111.8544666246403
katoomba,656.5605656402618
katoomba,925.3268817870824
katoomba,1124.31201211904
katoomba,799.0706239580023
katoomba,1223.094425433664
katoomba,630.1555884520453
katoomba,478.7403250728704
katoomba,352.5918149031993
katoomba,433.6224925987929
katoomba,677.5773739350632
katoomba,199.09486084728604
katoomba,1166.3093012173938
katoomba,461.8065632573457
katoomba,292.8138166415173
katoomba,1042.0206314598427
katoomba,959.8070774854465
katoomba,418.6894745411481
katoomba,1205.7498709483705
katoomba,813.9931236855165
katoomba,1339.5207697043234
katoomba,207.02865930754467
katoomba,655.0451821885118
katoomba,943.999024469725
katoomba,1319.6052918387356
katoomba,283.9685912625514
katoomba,519.5448637592958
katoomba,1216.4052236160724
katoomba,1011.9759551820163
katoomba,698.9605615800252
katoomba,1080.9452953517703
katoomba,877.8550979297947
katoomba,1034.382946447749
katoomba,207.18556690621344
katoomba,1329.7838174152985
katoomba,654.6178939366177
katoomba,861.6974852339082
katoomba,1490.4973515453082
katoomba,479.33402397044966
katoomba,427.47454170486554
katoomba,898.5130482292836
katoomba,717.7307491695523
katoomba,135.9623070834142
katoomba,1035.0751511801736
katoomba,1360.215986614632
katoomba,1449.789908298888
katoomba,1219.7292796335594
katoomba,1406.7190435671814
katoomba,806.4867357196947
katoomba,950.7905590439032
katoomba,961.1830309834648
katoomba,644.1072234414503
katoomba,1284.8268281000453
katoomba,251.26039411342435
katoomba,364.8232146649802
katoomba,1420.3852059464314
katoomba,838.4622109077342
katoomba,416.72752150259805
katoomba,1406.658815608034
katoomba,452.4597698173398
katoomba,1038.647347303487
katoomba,191.23369954363218
katoomba,385.90507974098097
katoomba,1219.0119000779519
katoomba,841.0243868547091
katoomba,243.93139980875142
katoomba,1240.0396989455614
katoomba,642.3295077270546
katoomba,245.58872291021078
katoomba,1481.8302380556056
katoomba,1196.3059858047066
katoomba,907.5810015651298
katoomba,503.43615253558795
katoomba,822.2793306450671
katoomba,1300.449943041335
katoomba,660.620307371243
katoomba,629.3183403720524
katoomba,738.7913098344244
katoomba,676.1439091136281
katoomba,695.2085459242987
katoomba,1451.7001391134354
katoomba,216.12864716526894
katoomba,392.90692698668545
katoomba,820.3878307731179
katoomba,1114.0980849674672
katoomba,1067.2831904300183
katoomba,951.4213715111512
katoomba,1025.161686984707
katoomba,763.9296390216343
katoomba,491.0979618985995
katoomba,874.6841346749633
katoomba,1039.4237205138184
katoomba,1433.8637930451005
katoomba,129.14216505229444
katoomba,104.43393531315857
katoomba,920.6714806687053
katoomba,670.444444375008
katoomba,1279.3825005842432
katoomba,626.1793616186757
katoomba,421.391006126195
katoomba,1361.4605019034716
katoomba,1351.5851387799066
katoomba,177.08950342223827
katoomba,217.85657241901782
katoomba,990.5729535454476
katoomba,1301.5110250599503
katoomba,361.77936369100075
katoomba,1417.6572058209645
katoomba,1403.8393998805777
katoomba,375.0698828339533
katoomba,673.7115281294022
katoomba,407.34963923248796
katoomba,878.8329240122931
katoomba,762.428949289241
katoomba,646.2975989973451
katoomba,361.5337796652363
katoomba,1405.0868458563587
katoomba,485.4373924203204
katoomba,802.3599754906032
katoomba,506.04375551349455
katoomba,1073.7839008581018
katoomba,227.31431104544805
katoomba,1203.2971934200361
katoomba,895.4057442800561
katoomba,1074.3522060123744
katoomba,251.57877769199308
katoomba,338.218638115473
katoomba,1250.1868234750364
katoomba,327.5848108890888
katoomba,122.28512368503652
katoomba,1089.653867572525
katoomba,304.566201284265
katoomba,118.53878827619364
katoomba,263.0163339005444
katoomba,515.4884726247024
katoomba,436.8429390134324
katoomba,803.156680969054
katoomba,1030.3237537210862
katoomba,1294.7086588082948
katoomba,1129.069726354785
katoomba,108.14698739944978
katoomba,325.4833820007693
katoomba,1389.8120078434881
katoomba,974.3071807190648
katoomba,675.9890337116262
katoomba,260.2600310637373
katoomba,957.3863260562613
katoomba,1119.1561691805773
katoomba,270.6933350599013
katoomba,1049.1161217028466
katoomba,620.5520410456256
katoomba,639.2714801572197
katoomba,153.90905846444352
katoomba,425.18276642139443
katoomba,124.1413620784055
katoomba,1209.9207221455792
katoomba,735.4858552509065
katoomba,1257.2502719000515
katoomba,659.1423922756186
katoomba,1416.7231637678299
katoomba,760.9158251263196
katoomba,859.6768963333237
katoomba,689.0057428517505
katoomba,682.7513464569505
katoomba,597.8620145173554
katoomba,471.7083751699838
katoomba,300.39431495894564
katoomba,169.7331447302425
katoomba,319.20475224391635
katoomba,582.8894553231521
katoomba,361.2855793406428
katoomba,582.6020595565823
katoomba,142.8997013344174
katoomba,735.9162479430246
katoomba,186.00516481350405
katoomba,419.79308680284623
katoomba,592.6431199394369
katoomba,1032.6047557293414
katoomba,539.7437629568044
katoomba,1033.306785393612
katoomba,845.3421205343911
katoomba,752.1922112091396
katoomba,1342.3741330242322
katoomba,1156.432680620097
katoomba,1150.7294521522508
katoomba,1455.160923317272
katoomba,153.50552544053653
katoomba,225.42511868712927
katoomba,906.0649126901287
katoomba,1013.1773380003674
katoomba,444.52000716537947
katoomba,199.9444229661705
katoomba,526.0580949121546
katoomba,106.71958398063057
katoomba,1335.622209102372
katoomba,231.96586103177296
katoomba,1409.7774491414332
katoomba,381.86124369401074
katoomba,1285.901042231051
katoomba,1045.8133781544125
katoomba,453.75849072016024
katoomba,1021.175404029158
katoomba,977.9346284765787
katoomba,328.62507077239627
katoomba,753.8585235085903
katoomba,387.2286425921763
katoomba,287.72214694782673
katoomba,1278.285061656892
katoomba,1401.6712351381386
katoomba,478.24658898698783
katoomba,1390.3265081035984
katoomba,1284.0671426722743
katoomba,1157.482921571186
katoomba,532.343844467922
katoomba,1291.5640001692134
katoomba,260.4550075191013
katoomba,426.49262947503234
katoomba,396.96846930507814
katoomba,810.5694935065789
katoomba,1163.8704197820166
katoomba,1094.6174281800827
katoomba,749.8321589892113
katoomba,210.630990929953
katoomba,460.36061134030257
katoomba,861.993464851893
katoomba,814.3987940074978
katoomba,272.96069443465245
katoomba,776.1884177353897
katoomba,128.3338722257282
katoomba,822.5125326958271
katoomba,991.5355257112516
katoomba,841.2201318709127
katoomba,1087.9229513205657
katoomba,934.5619492480125
katoomba,690.3510948245186
katoomba,143.89336817551302
katoomba,1222.2345103971113
katoomba,534.373487635024
katoomba,719.3522162715838
katoomba,1194.120646347192
katoomba,479.49693268297426
katoomba,367.4933395062549
katoomba,385.12769651974133
katoomba,272.47040185906116
katoomba,1216.4950148304308
katoomba,940.149090109548
katoomba,930.2855597749083
katoomba,1049.0997518082793
katoomba,1115.1389215869026
katoomba,178.62556581637978
katoomba,219.14761543515965
katoomba,920.5428363491728
katoomba,790.6467881639243
katoomba,119.59725531096987
katoomba,1123.8725453119168
katoomba,658.497146065571
katoomba,841.738480014401
katoomba,1083.8568999803022
katoomba,580.232200002708
katoomba,246.74119950666056
katoomba,1080.5569157032678
katoomba,720.7496076847137
katoomba,232.29295216965102
katoomba,1157.0972294593928
katoomba,1319.1777410982559
katoomba,345.81896957107426
katoomba,873.0444241218689
katoomba,1373.7950205071618
katoomba,397.9658811558987
katoomba,257.97546803748116
katoomba,1101.119105539825
katoomba,292.704073856825
katoomba,353.8167504169551
katoomba,748.7099831691961
katoomba,1238.731433259363
katoomba,827.6932468010939
katoomba,608.6649605024886
katoomba,510.0819756915876
katoomba,853.338328410289
katoomba,460.24753312085505
katoomba,148.38584651347475
katoomba,426.4609171084292
katoomba,1348.906721200771
katoomba,610.5004346164335
katoomba,526.8248791064981
katoomba,984.3628586819653
katoomba,440.4420029980957
katoomba,1466.684973767441
katoomba,554.2546141369875
katoomba,653.1438513224921
katoomba,582.9348915625375
katoomba,975.6429070113062
katoomba,1479.4488057731992
katoomba,265.27829550374724
katoomba,997.0829003639966
katoomba,214.88478324015915
katoomba,1054.5612040622073
katoomba,651.5595384580569
katoomba,405.15050905770516
katoomba,1420.922695587315
katoomba,568.1355389708128
katoomba,1028.671512443657
katoomba,827.737605224655
katoomba,654.3972585512423
katoomba,538.4167761211003
katoomba,1437.4889945908903
katoomba,976.7933230261303
katoomba,460.1565015670526
katoomba,388.1598373718935
katoomba,614.9446287727008
katoomba,153.06720623576734
katoomba,1492.1417525572747
katoomba,782.5242483107525
katoomba,960.8473541508782
katoomba,201.25854032467248
katoomba,790.749242301935
katoomba,107.61406239012585
katoomba,138.3585413993911
katoomba,1340.8700204587178
katoomba,788.3775490366252
katoomba,1153.5838300764765
katoomba,770.6247653023358
katoomba,324.29421697772545
katoomba,1355.5264692024532
katoomba,641.4820326774578
katoomba,286.5801028165956
katoomba,1176.1889516449269
katoomba,164.5473613660526
katoomba,863.9218999554726
katoomba,173.24053356431773
katoomba,390.67777346847834
katoomba,731.7697123124906
katoomba,841.9628078750142
katoomba,524.4984403599706
katoomba,1104.2063972930346
katoomba,804.8439376557607
katoomba,1386.86805909848
katoomba,593.5479362850356
katoomba,324.79056916897366
katoomba,392.6993971094858
katoomba,1495.2601446326692
katoomba,502.74962940044503
katoomba,1181.649993393266
katoomba,615.2575381365293
katoomba,888.4314060061971
katoomba,759.2937054652268
katoomba,371.7572080577993
katoomba,1416.5676364694652
katoomba,382.85517830811943
katoomba,1309.9635021522522
katoomba,1356.1444676140677
katoomba,852.1251702222041
katoomba,1154.4489310452536
katoomba,563.1186149955731
katoomba,794.703515524631
katoomba,1111.5634229694708
katoomba,319.90357626651195
katoomba,997.6826971084197
katoomba,513.5352795200089
katoomba,324.97999795543416
katoomba,1124.5745222154212
katoomba,1183.6026812467624
katoomba,924.935730839819
katoomba,1447.3830033349675
katoomba,498.71521984427744
katoomba,1213.9650546295952
katoomba,861.1118360597739
katoomba,1304.1983830928637
katoomba,117.46688311722568
katoomba,1228.5130944119614
katoomba,1341.9829181918924
katoomba,1376.4067950375218
katoomba,1465.9805750897808
katoomba,269.101156059984
katoomba,1415.5605913223326
katoomba,1345.465971736085
katoomba,754.3094144923239
katoomba,709.0263865817561
katoomba,418.40071598360754
katoomba,981.0622534330806
katoomba,363.398531070546
katoomba,958.1584083860588
katoomba,1404.5992832270638
katoomba,646.9943727604302
katoomba,351.04849968863516
katoomba,915.7691185198136
katoomba,956.4046285477685
katoomba,899.7676622382317
katoomba,1363.6890433875963
katoomba,1486.6584001268811
katoomba,1440.971797350808
katoomba,520.9789857736146
katoomba,724.3561829682104
katoomba,1221.50710182013
katoomba,1472.39907622114
katoomba,193.8820588337191
katoomba,1107.1477246768914
katoomba,1365.1991826943488
katoomba,210.45258965045824
katoomba,460.23813350511443
katoomba,459.55626783769924
katoomba,687.9235075163512
katoomba,257.9561606806486
katoomba,607.1038353868116
katoomba,991.0543608481028
katoomba,1442.6319289279193
katoomba,272.2534012004627
katoomba,1207.0318714686452
katoomba,1244.1503355923385
katoomba,737.4139901678986
katoomba,268.896126954228
katoomba,885.9654259784949
katoomba,799.3446529516715
katoomba,148.14195815709846
katoomba,1254.8046535596702
katoomba,373.6227142709959
katoomba,1009.1168185106301
katoomba,515.4635970552911
katoomba,103.63041567553388
katoomba,1388.8658491655497
katoomba,865.5203831257942
katoomba,1309.402975450691
katoomba,1358.5083787963474
katoomba,791.7228003493589
katoomba,459.055803335643
katoomba,135.44208071047848
katoomba,949.1911698818967
katoomba,279.41718783797046
katoomba,758.8808554160374
katoomba,442.28627674771093
katoomba,354.80762897537176
katoomba,1019.4556116669557
katoomba,648.1977265958881
katoomba,1348.8354924575094
katoomba,1443.518386704452
katoomba,529.5623225842577
katoomba,1184.0820826595161
katoomba,695.6970418940523
katoomba,1496.7256187284804
katoomba,338.0274445532508
katoomba,699.8721172499257
katoomba,760.9431586697146
katoomba,263.3484349097305
katoomba,387.7010971981544
katoomba,1464.6793828045788
katoomba,422.9323613976973
katoomba,228.93457481787266
katoomba,440.1242259247945
katoomba,1458.2224235695735
katoomba,329.7696796015688
katoomba,969.0913407178035
katoomba,1370.2011961177511
katoomba,343.3211830648971
katoomba,1486.091717007288
katoomba,1288.7450120258006
katoomba,879.8201225935964
katoomba,508.6478979767851
katoomba,436.2561388381164
katoomba,225.35302133614533
katoomba,1410.5525670675893
katoomba,720.2900036974579
katoomba,1336.8062759880047
katoomba,267.8273089380747
katoomba,753.0799129817938
katoomba,584.8672134491105
katoomba,1462.9361892042057
katoomba,1426.3727071361172
katoomba,550.4699729070812
katoomba,1221.6285181084572
katoomba,765.0456824661458
katoomba,1280.7846137172871
katoomba,787.4497430967019
katoomba,509.5970566769398
katoomba,648.7620782138453
katoomba,155.2420301935418
katoomba,1220.032387362585
katoomba,627.6669543295451
katoomba,870.7742875288924
katoomba,529.8730448082937
katoomba,760.5894540771675
katoomba,1199.2379162361553
katoomba,1307.2944072551468
katoomba,1012.0335449502433
katoomba,147.9845402160861
katoomba,878.3124799674479
katoomba,914.9623739729659
katoomba,712.4718027622854
katoomba,629.0994604743034
katoomba,607.0388412316069
katoomba,191.34191992615908
katoomba,1342.1987577287787
katoomba,1157.0205085855846
katoomba,1391.9845162303836
katoomba,145.80562380244578
katoomba,580.0388075792088
katoomba,113.8019909757531
katoomba,877.8002522711997
katoomba,304.0365980546966
katoomba,200.57072130940253
katoomba,146.45323647331927
katoomba,381.5002971662479
katoomba,1457.013326253197
katoomba,675.2354837467639
katoomba,476.1099858620232
katoomba,445.47505195971434
katoomba,1078.4402926786433
katoomba,1013.9953970659022
katoomba,660.3312837396691
katoomba,900.5516228043958
katoomba,1085.6274157488388
katoomba,1218.9947942647239
katoomba,1297.9656082622748
katoomba,1149.5444367165783
katoomba,729.9759041006281
katoomba,1412.7917619330121
katoomba,334.8298512024206
katoomba,653.0718642706213
katoomba,493.75083482985843
katoomba,1495.8509444240963
katoomba,443.404274208424
katoomba,458.4795228904386
katoomba,1292.1877516433983
katoomba,100.03886204204973
katoomba,1264.0698768035738
katoomba,373.05004547220506
katoomba,959.4357508192393
katoomba,363.5817388278023
katoomba,1498.1478773558995
katoomba,197.56136558327046
katoomba,594.1717391290724
katoomba,263.2693097537243
katoomba,442.367523895294
katoomba,447.00794772258985
katoomba,1233.7027554802614
katoomba,1281.9696815170637
katoomba,1248.28502787669
katoomba,354.8229105027815
katoomba,1277.662655054969
katoomba,959.0965735884039
katoomba,1276.1713530098864
katoomba,976.3420088199184
katoomba,187.18879013640992
katoomba,383.4896261765178
katoomba,475.4089662795367
katoomba,707.4349045954879
katoomba,493.81533883376454
katoomba,747.015126539579
katoomba,1057.3928626828144
katoomba,612.3418935690211
katoomba,794.3682176384913
katoomba,820.9398368098778
katoomba,1078.9852815674478
katoomba,523.1356787514363
katoomba,645.7749680837328
katoomba,453.367057793318
katoomba,614.0892189830784
katoomba,202.24918626815952
katoomba,551.6427097482294
katoomba,450.4907511223026
katoomba,1399.413213745607
katoomba,1218.0821382519098
katoomba,431.3721699579363
katoomba,825.8224512015997
katoomba,693.1222956435665
katoomba,1043.3481603891305
katoomba,1259.9357272436441
katoomba,434.8147304036756
katoomba,1300.1531057195239
katoomba,159.01841809490244
katoomba,1485.5366505729432
katoomba,1219.8234571591504
katoomba,1307.1445221263364
katoomba,545.3731955964122
katoomba,706.2338407807248
katoomba,403.5708561808443
katoomba,1216.1503402036346
katoomba,1104.2289159356199
katoomba,217.1513948015236
katoomba,779.8408887818216
katoomba,1304.48724937488
katoomba,698.9474978500297
katoomba,931.2672762037078
katoomba,499.66102376350017
katoomba,1040.0016530974904
katoomba,438.3046556745375
katoomba,631.1262671974266
katoomba,607.7754392953709
katoomba,136.44954017231828
katoomba,1308.9488896857276
katoomba,787.5110696249835
katoomba,1196.838883776957
katoomba,1402.4807110308304
katoomba,992.795551285369
katoomba,402.7818838935589
katoomba,1227.0355065076171
katoomba,1354.833164020959
katoomba,889.7874719283008
katoomba,299.2987996380922
katoomba,737.9308399295184
katoomba,1498.8737811604346
katoomba,1486.4651773003563
katoomba,935.7356611213165
katoomba,1342.869785149552
katoomba,1340.2792643905877
katoomba,1136.5530697507268
katoomba,1067.524220491116
katoomba,1177.2502394364415
katoomba,906.0685940454688
katoomba,1235.7432732876134
katoomba,685.1464364016971
katoomba,1119.1692542618384
katoomba,726.619472014755
katoomba,655.7245017458849
katoomba,1341.6936038660415
katoomba,331.86481893457983
katoomba,100.11312325214172
katoomba,985.5922269927455
katoomba,1476.1317272852302
katoomba,1471.8084943340043
katoomba,918.966231842769
katoomba,759.7743781043177
katoomba,963.8953375177896
katoomba,911.5082968244899
katoomba,453.81661910039617
katoomba,620.5461459752235
katoomba,171.73827718822224
katoomba,193.22701023954585
katoomba,115.8556207879555
katoomba,982.4041633118484
katoomba,517.6191877891388
katoomba,461.3647851883003
katoomba,976.1568089293722
katoomba,572.6673721758311
katoomba,528.6496831765223
katoomba,712.3807667218113
katoomba,935.3920861883997
katoomba,720.0454202145909
katoomba,495.3263275423324
katoomba,629.215092117798
katoomba,408.01773531919906
katoomba,718.9393104439866
katoomba,453.0940924047793
katoomba,288.1902018144883
katoomba,1346.6479748908896
katoomba,308.45920873184934
katoomba,983.9854973770549
katoomba,1032.1425969587754
katoomba,1236.2148858972328
katoomba,849.162061081796
katoomba,160.8770906781831
katoomba,157.91623762534664
katoomba,1299.5147383907827
katoomba,535.7549393372763
katoomba,164.86461740035327
katoomba,412.1381548644896
katoomba,227.81352610963697
katoomba,624.5525159543736
katoomba,1345.5936280618382
katoomba,736.9471089135869
katoomba,1367.2287906732133
katoomba,1365.7620379036384
katoomba,138.38307492521946
katoomba,1092.2192693925895
katoomba,627.7656368173623
katoomba,708.0157471104047
katoomba,378.17312135599303
katoomba,1064.590031996459
katoomba,520.3475384768391
katoomba,974.1497892257685
katoomba,1490.3997405043021
katoomba,494.05220544409013
katoomba,734.7675862829487
katoomba,548.1989616898369
katoomba,693.3509127361108
katoomba,781.254304206097
katoomba,872.6868413486777
katoomba,311.3822134244722
katoomba,595.8090609347412
katoomba,123.02477583035589
katoomba,1390.102363429008
katoomba,1110.5185245944213
katoomba,313.61116405187164
katoomba,1159.004832033614
katoomba,869.1036082430246
katoomba,275.0345033890966
katoomba,748.2636156535758
katoomba,1009.1950897518246
katoomba,100.42849906113307
katoomba,217.47959899740135
katoomba,1001.627374480139
katoomba,700.0606724671961
katoomba,1462.6483693434402
katoomba,1061.785355140743
katoomba,967.147464159774
katoomba,1355.1969731530803
katoomba,300.51638954070404
katoomba,290.94585723812185
katoomba,1144.754188797826
katoomba,1343.9753768807243
katoomba,925.3110951643231
katoomba,591.7990423207794
katoomba,780.5490976054499
katoomba,1201.0452138989428
katoomba,1236.0651679759196
katoomba,1119.0141589678337
katoomba,594.971004891053
katoomba,1442.1891442144088
katoomba,839.7899928435694
katoomba,876.6474565135034
katoomba,1049.2225006565357
katoomba,351.40856756345386
katoomba,1111.0119458700324
katoomba,345.7735070171557
katoomba,1216.9422076923959
katoomba,397.17724920627427
katoomba,1259.2127107053668
katoomba,575.0908074512561
katoomba,557.1672312102235
katoomba,207.4444735687093
katoomba,853.1191524029315
katoomba,967.0042415073312
katoomba,204.17743957241652
katoomba,1313.3366283468451
katoomba,1392.6935062662258
katoomba,1438.8942531044488
katoomba,1333.7293126920756
katoomba,1090.4833119705258
katoomba,711.5394828389145
katoomba,808.1825143717383
katoomba,303.94609056030964
katoomba,1470.1922177606423
katoomba,518.3125941253072
katoomba,1057.6498815091227
katoomba,1284.633805988439
katoomba,1164.3986848634133
katoomba,856.9821125071747
katoomba,887.649686110156
katoomba,842.6528487885507
katoomba,464.4929288377646
katoomba,1121.0713560954596
katoomba,286.76411687533437
katoomba,1128.259387202196
katoomba,281.32148233738826
katoomba,1446.9350154442625
katoomba,1110.6485512573104
katoomba,829.6288536573902
katoomba,1253.4016028445142
katoomba,1281.9916528970923
katoomba,700.9435969820096
katoomba,719.2763562449402
katoomba,178.79436224376659
katoomba,444.7035576588285
katoomba,1243.905692660251
katoomba,784.5017383485854
katoomba,1063.29596630285
katoomba,1259.1583649619781
katoomba,462.4035744988389
katoomba,189.40756300395725
katoomba,1305.505819724511
katoomba,841.3856445489306
katoomba,748.7449057264251
katoomba,1212.255344339674
katoomba,868.9807360310251
katoomba,869.9560649773049
katoomba,704.8685641829774
katoomba,696.2438609230935
katoomba,1385.6358185943834
katoomba,1300.3908780687707
katoomba,1112.1608595912273
katoomba,907.4065319714311
katoomba,752.5393173065086
katoomba,571.0478739904288
katoomba,1012.7194954111841
katoomba,1456.3644798379157
katoomba,271.6183949275652
katoomba,958.6124000445587
katoomba,1309.4250372638753
katoomba,458.09225660118176
katoomba,363.86501182823537
katoomba,1415.658420636044
katoomba,1078.2179187801996
katoomba,395.3933691011059
katoomba,546.5128381381843
katoomba,696.29347347454
katoomba,1007.7988915181554
katoomba,550.1494648192793
katoomba,356.9633978276137
katoomba,1078.5291372713614
katoomba,317.9549023688417
katoomba,333.0501352305602
katoomba,314.17265693540713
katoomba,275.79044094507935
katoomba,1432.457231080868
katoomba,794.8897985282816
katoomba,794.7534649340375
katoomba,1076.2480707283676
katoomba,859.6592809110555
katoomba,473.6435743083498
katoomba,1434.213820258734
katoomba,191.3424406840573
katoomba,497.83340839317805
katoomba,486.0302806319632
katoomba,634.5062069460898
katoomba,1339.0325930531412
katoomba,1163.4516371143447
katoomba,1173.4154631715853
katoomba,1448.4471861384989
katoomba,1332.9351394429575
katoomba,1033.207287609011
katoomba,349.52608424893464
katoomba,136.71390510670298
katoomba,297.98703967383005
katoomba,1184.072528030231
katoomba,1424.3604105258319
katoomba,1002.6070994017712
katoomba,798.6746754366318
katoomba,244.35385771437325
katoomba,265.9280477490826
katoomba,645.8948883432175
katoomba,1217.5325989568273
katoomba,1237.376397144036
katoomba,390.3909051852488
katoomba,501.30894844732427
katoomba,500.32635502074874
katoomba,882.2857431528699
katoomba,120.43649862666805
katoomba,1335.5873966919762
katoomba,336.0218667206386
katoomba,1278.2342426029745
katoomba,1195.599711695067
katoomba,1195.2033411498908
katoomba,914.5511073487999
katoomba,688.0103696887164
katoomba,969.2743645583615
katoomba,1356.8734041700918
katoomba,675.5538778868165
katoomba,837.1159543188264
katoomba,830.4097231759322
katoomba,1395.00717338383
katoomba,1328.515601623018
katoomba,1483.6599861578568
katoomba,556.4843955179006
katoomba,1193.2257627221375
katoomba,492.7287291519934
katoomba,655.0839643120333
katoomba,1216.3956889395606
katoomba,137.68428354015347
katoomba,828.8112631222212
katoomba,1185.5386375332653
katoomba,1364.6968307787445
katoomba,1016.467944003682
katoomba,105.92789856044087
katoomba,467.06707884408746
katoomba,910.6103894812668
katoomba,1290.961210162838
katoomba,1297.6631015746364
katoomba,836.7038241894137
katoomba,1044.2581435302568
katoomba,585.5224649194247
katoomba,227.28583685124278
katoomba,930.7074101004038
katoomba,732.7397826859487
katoomba,704.5968697389225
katoomba,1490.7082030618074
katoomba,1426.143224529331
katoomba,767.9718734015006
katoomba,606.2834949242468
katoomba,1195.4736480510355
katoomba,747.869892604626
katoomba,547.2846959205867
katoomba,1371.5768690304885
katoomba,996.4223039349756
katoomba,540.1985202778836
katoomba,1047.0441425053996
katoomba,453.7785475073622
katoomba,901.0467488255813
katoomba,1332.7901669154203
katoomba,1070.569419023651
katoomba,592.3130815994632
katoomba,982.2603987638335
katoomba,1054.983397834817
katoomba,250.24655204009375
katoomba,163.49040959598653
katoomba,867.9816697994928
katoomba,157.00845637172188
katoomba,201.52189546492787
katoomba,1198.3287361208063
katoomba,1085.3169236619756
katoomba,670.5767987648079
katoomba,513.124990946329
katoomba,131.75871502584064
katoomba,1137.5210350835127
katoomba,385.6341219516958
katoomba,1421.1552658082985
katoomba,276.7048797902845
katoomba,186.81308852095452
katoomba,225.78249637016683
katoomba,496.0047515716495
katoomba,111.07962104004561
katoomba,799.8388874867786
katoomba,299.5849361998497
katoomba,1132.764741735281
katoomba,774.524333155691
katoomba,1161.6182698529362
katoomba,1157.2143693961182
katoomba,301.8479580294107
katoomba,1004.2630108880118
katoomba,1418.8247879451426
katoomba,515.1337817373017
katoomba,319.539828901676
katoomba,1070.7024193377317
katoomba,118.0095024895264
katoomba,470.3090427905499
katoomba,542.0222536832133
katoomba,999.3648182073227
katoomba,1214.147396464265
katoomba,546.639177664385
katoomba,507.61751019560404
katoomba,1241.6038906724293
katoomba,1020.162946394563
katoomba,399.9721070560504
katoomba,684.6719986400917
katoomba,780.5074559658748
katoomba,559.2684072970544
katoomba,333.044038700446
katoomba,1355.044934687492
katoomba,1140.2627098221574
katoomba,907.3814632842171
katoomba,1176.3179301739845
katoomba,586.3947365522829
katoomba,1041.7672815387837
katoomba,330.1995001362759
katoomba,1477.8788202278333
katoomba,394.8336243299958
katoomba,523.8636298281426
katoomba,1128.3064452555395
katoomba,1197.118492852244
katoomba,1495.4569077263195
katoomba,441.50896136687203
katoomba,1152.2831391152713
katoomba,1183.8850155041785
katoomba,567.8935820053391
katoomba,279.83921927339935
katoomba,750.6058224702568
katoomba,384.1932792449355
katoomba,1304.9434785514002
katoomba,917.6727378740994
katoomba,1459.0318989895181
katoomba,1481.0096419701267
katoomba,899.0002948434012
katoomba,768.6460807332091
katoomba,393.8024880243795
katoomba,1306.2119024490212
katoomba,270.8532763547287
katoomba,856.7217944149855
katoomba,1018.617515627466
katoomba,1112.5559241728188
katoomba,388.16385909644026
katoomba,1146.4338101774927
katoomba,334.0684973833006
katoomba,993.0164532046388
katoomba,752.7736486665801
katoomba,301.8275648473359
katoomba,324.0509550737371
katoomba,327.2130651414233
katoomba,222.7412188825893
katoomba,385.73875761727055
katoomba,991.14986209753
katoomba,571.8053214930308
katoomba,409.26215565413594
katoomba,1371.6176661368308
katoomba,1474.4574856151885
katoomba,1335.2197230304555
katoomba,982.9096065648463
katoomba,950.3826890951116
katoomba,993.6613211856007
katoomba,1035.2107310351657
katoomba,268.1362560844426
katoomba,1232.6498626412608
katoomba,222.8974522982491
katoomba,1426.205645385017
katoomba,1293.3005410602652
katoomba,1358.7663490245852
katoomba,1329.618872517838
katoomba,247.55154127610558
katoomba,1245.4811106182544
katoomba,294.6146527375814
katoomba,499.27587307482275
katoomba,641.563401643271
katoomba,1271.6558515226648
katoomba,150.2666292490013
katoomba,344.2456465549194
katoomba,603.973335988129
katoomba,1331.3795820216685
katoomba,867.1131150620289
katoomba,1222.8857996955658
katoomba,441.96674572019776
katoomba,653.9462772799136
katoomba,745.7203462354717
katoomba,513.3362018143046
katoomba,1316.4996466995062
katoomba,1460.5193755419698
katoomba,1027.0835764676863
katoomba,1361.1831843110765
katoomba,539.4581167620361
katoomba,396.9414864762944
katoomba,1154.5313064112709
katoomba,1072.741625971009
katoomba,665.8084141543866
katoomba,876.4906434322208
katoomba,936.1926727799566
katoomba,153.82787061722354
katoomba,824.8646263483516
katoomba,351.21334132718846
katoomba,144.1770579371693
katoomba,299.2821082158317
katoomba,1179.9398448964466
katoomba,894.8392985084369
katoomba,986.1347155393524
katoomba,435.8385563204222
katoomba,141.46893605605405
katoomba,1436.2259203992671
katoomba,942.1232357642755
katoomba,800.5928464847597
katoomba,1400.6139754523006
katoomba,1011.1776196429529
katoomba,1133.0334481122866
katoomba,1022.6047675065873
katoomba,204.36940200200718
katoomba,1180.800515896818
katoomba,181.9666915854769
katoomba,1091.5313009489382
katoomba,1259.7166687651716
katoomba,510.54636406251063
katoomba,225.24853586549798
katoomba,120.77503340166508
katoomba,1481.5191527212053
katoomba,390.5816956433285
katoomba,1154.502947876989
katoomba,863.7367279339179
katoomba,1103.496272523068
katoomba,1030.194005614618
katoomba,525.9484611890496
katoomba,786.6960245786559
katoomba,1398.2074203184436
katoomba,507.65054329791064
katoomba,254.69137192033148
katoomba,1026.1340345296776
katoomba,1432.7434321646476
katoomba,1419.105806852541
katoomba,1275.618944227926
katoomba,1215.8917186437789
katoomba,980.6543417777549
katoomba,549.4539134654973
katoomba,1105.9964595103675
katoomba,1053.8772869693682
katoomba,1369.2824201446283
katoomba,771.6802750810648
katoomba,1279.6635396050947
katoomba,865.8104971025878
katoomba,895.6582619186206
katoomba,639.9673566987566
katoomba,362.0838810543797
katoomba,1277.7938262806501
katoomba,1357.6665654267997
katoomba,609.6573795880879
katoomba,673.326522217207
katoomba,939.4057514621562
katoomba,438.0178833569298
katoomba,548.7475074084558
katoomba,1014.60752296982
katoomba,740.7473037709184
katoomba,623.3417021187245
katoomba,1146.532698772518
katoomba,349.2163320073126
katoomba,1474.2903376786614
katoomba,253.9617082493385
katoomba,695.4158387271708
katoomba,378.6772733429794
katoomba,614.8886087203341
katoomba,227.72472301123844
katoomba,1117.7253183605487
katoomba,337.1730556721394
katoomba,608.430325839206
katoomba,1354.2802840419183
katoomba,324.8265117646144
katoomba,379.57701208876944
katoomba,107.86871826409859
katoomba,1442.3572354826767
katoomba,133.30981281674366
katoomba,694.979538281796
katoomba,519.5517772397579
katoomba,1220.140736777154
katoomba,287.71892859810936
katoomba,1467.1759437551173
katoomba,459.19176100237036
katoomba,1343.5105948088
katoomba,1126.3411297180974
katoomba,215.31811005725177
katoomba,1217.001488632127
katoomba,923.5652617834664
katoomba,749.8371437829454
katoomba,985.1199932408304
katoomba,968.4641561362815
katoomba,1377.5695341171358
katoomba,106.11420885405536
katoomba,1341.2299806869908
katoomba,989.3311946770292
katoomba,232.41556871934253
katoomba,281.1988774147986
katoomba,1483.1897414669427
katoomba,429.7595878967232
katoomba,365.75623433571815
katoomba,1251.4233247022494
katoomba,429.55118783692427
katoomba,1195.471369300197
katoomba,1115.050817042254
katoomba,617.9716890129613
katoomba,436.1917424036667
katoomba,357.17179908512895
katoomba,681.079094481679
katoomba,136.62009254442876
katoomba,558.5789244201521
katoomba,707.5752460342967
katoomba,1010.9211862361033
katoomba,1247.367315677644
katoomba,1328.756300501996
katoomba,611.4413153565822
katoomba,540.6288030863111
katoomba,1168.2502810208155
katoomba,1462.2809778703065
katoomba,420.9993985579917
katoomba,1053.7189652294433
katoomba,877.7922303343527
katoomba,1163.7604717832573
katoomba,1076.4832863858837
katoomba,554.2131824765311
katoomba,1224.1797774516594
katoomba,403.8110811754763
katoomba,575.835932566459
katoomba,1049.5804771944204
katoomba,1104.6427032793001
katoomba,778.3535127285055
katoomba,187.46058807099968
katoomba,1366.5838210092907
katoomba,1178.5235325613783
katoomba,396.6623005456682
katoomba,1162.669398842418
katoomba,1453.57961832058
katoomba,1422.7373744467136
katoomba,583.7408427561854
katoomba,944.380121564898
katoomba,282.674138570786
katoomba,1069.0967134329433
katoomba,164.80263691094382
katoomba,413.78106511303395
katoomba,1074.817816585311
katoomba,800.5805351868853
katoomba,553.574957573437
katoomba,1442.5786401740538
katoomba,600.763373720081
katoomba,118.57473379274141
katoomba,383.15768535986626
katoomba,399.06779020962676
katoomba,296.48209927681916
katoomba,845.4408160296425
katoomba,334.2409770518659
katoomba,610.0143644372124
katoomba,147.73932320042425
katoomba,328.71191812390157
katoomba,1480.5901884188404
katoomba,587.9961851547594
katoomba,1475.057287253602
katoomba,1011.7538878495883
katoomba,793.2175399165483
katoomba,924.8535563290047
katoomba,755.4756321046622
katoomba,1019.0043316476252
katoomba,1191.0532429767848
katoomba,882.874287699395
katoomba,347.80282857294293
katoomba,461.08856527390833
katoomba,925.8778590801013
katoomba,187.1404074653711
katoomba,105.1092703356485
katoomba,1419.6146051002167
katoomba,297.1932113127615
katoomba,219.90365548618672
katoomba,1311.1281703968295
katoomba,926.969281512816
katoomba,876.5413216662996
katoomba,318.25485667356145
katoomba,545.4653790794256
katoomba,133.8341678750686
katoomba,758.6176948613808
katoomba,1240.875717850316
katoomba,665.3170324786423
katoomba,409.56925117569966
katoomba,786.7751109256604
katoomba,1101.858222513155
katoomba,614.4123843044446
katoomba,947.228857620305
katoomba,1464.8658496449696
katoomba,525.355260227955
katoomba,801.6621792546201
katoomba,454.3602621539224
katoomba,1020.1983184345335
katoomba,1490.790131915467
katoomba,621.2755509318392
katoomba,1236.207965044036
katoomba,1299.0478728749845
katoomba,1017.7375695341002
katoomba,1223.8991113116253
katoomba,424.0479939846818
katoomba,493.84268766118186
katoomba,1022.0552782957297
katoomba,1320.8786538495276
katoomba,723.5684253885692
katoomba,883.2803889230512
katoomba,267.87409361177055
katoomba,177.1390133112036
katoomba,817.7128671562225
katoomba,100.01041471959655
katoomba,596.1547133301686
katoomba,1468.0646488449606
katoomba,691.1093230714029
katoomba,664.5074729183558
katoomba,972.9977447275264
katoomba,506.5643015385363
katoomba,1179.1383879156033
katoomba,543.1774997650525
katoomba,557.3731373778323
katoomba,1224.88517932685
katoomba,1280.6208469658934
katoomba,822.3668875301894
katoomba,1007.2638965911565
katoomba,775.1097889293545
katoomba,959.6243324457366
katoomba,1271.235247019208
katoomba,894.2171390067082
katoomba,1432.4250696432748
katoomba,1464.0472575312363
katoomba,565.9112387991295
katoomba,1198.5212109406134
katoomba,620.3421856201634
katoomba,131.30639782875284
katoomba,300.9757972253198
katoomba,567.6536003027395
katoomba,104.59523355204755
katoomba,161.34454227973407
katoomba,495.98094447588454
katoomba,256.1366271344923
katoomba,178.517347275949
katoomba,701.5955557706442
katoomba,242.59921174422405
katoomba,1382.083258487347
katoomba,1371.3893230480112
katoomba,1314.0202500994278
katoomba,790.3254514586066
katoomba,1169.43885786512
katoomba,296.0744934729221
katoomba,755.3230069945951
katoomba,689.5327210138234
katoomba,1048.3789661597502
katoomba,829.3101722162266
katoomba,860.9343777740467
katoomba,1131.5487589794302
katoomba,245.26251752817814
katoomba,1390.5970102151794
katoomba,1459.3624029274663
katoomba,899.9068193798096
katoomba,1229.7641131634864
katoomba,329.9698648144439
katoomba,980.5537885263334
katoomba,979.9540140843299
katoomba,381.69792787110737
katoomba,178.8313270037721
katoomba,938.0407098862428
katoomba,820.8535613056117
katoomba,498.6990351956281
katoomba,619.7856363313933
katoomba,1392.9687411449606
katoomba,820.3731521076417
katoomba,1044.466086975858
katoomba,174.16256934785156
katoomba,1267.3341130376512
katoomba,521.2818200146432
katoomba,770.9764323933658
katoomba,1337.5450555270709
katoomba,1250.5779725492152
katoomba,1398.7822425917925
katoomba,1347.1393170162787
katoomba,254.61919736277417
katoomba,314.5443225041121
katoomba,1172.400841024717
katoomba,513.934946294581
katoomba,103.23733405034534
katoomba,386.5339923787215
katoomba,1352.4288662834554
katoomba,955.0864050292234
katoomba,309.08354747235023
katoomba,875.2686919598115
katoomba,190.99470417778696
katoomba,690.4601271212165
katoomba,447.80727009003806
katoomba,559.1524980347258
katoomba,1066.725857443544
katoomba,781.0009701972014
katoomba,1059.3632028076854
katoomba,1062.2564811514314
katoomba,545.8897221325426
katoomba,448.2923452713223
katoomba,347.7154706801251
katoomba,873.6279016146171
katoomba,383.9233581937526
katoomba,427.47338247186605
katoomba,772.5434874954527
katoomba,1252.6156125166058
katoomba,1060.9252310062257
katoomba,538.9222182664082
katoomba,1387.6823208386108
katoomba,225.80851290553161
katoomba,128.76366021071735
katoomba,1495.296429019148
katoomba,1498.0740742453174
katoomba,228.4082719627104
katoomba,1189.0343052282915
katoomba,672.9350690165498
katoomba,780.4394972695412
katoomba,515.5918622237807
katoomba,1053.6987782925862
katoomba,971.4148307982816
katoomba,1285.8235094185409
katoomba,1105.2242987367072
katoomba,1481.818663538622
katoomba,105.04396801141394
katoomba,522.7251094099468
katoomba,1355.6807596939452
katoomba,1050.374632165961
katoomba,1258.5494581499595
katoomba,1373.7570422412493
katoomba,958.4395047993506
katoomba,373.76901291200767
katoomba,1107.1782951734322
katoomba,1241.2743940574421
katoomba,259.0695917752836
katoomba,905.3582246596562
katoomba,1098.0134855697434
katoomba,1033.5476382940524
katoomba,267.33339544923604
katoomba,1078.709979283905
katoomba,589.6323658706098
katoomba,1310.6783634191556
katoomba,1180.1055407903823
katoomba,342.37090079722816
katoomba,194.65586102708426
katoomba,729.1325518584073
katoomba,393.66766803993045
katoomba,1177.316181554254
katoomba,176.81317421008373
katoomba,177.43381406951022
katoomba,1418.8236568391778
katoomba,1040.80363137916
katoomba,1339.9341394814544
katoomba,504.35116264197393
katoomba,747.8040425047923
katoomba,1221.5037989459213
katoomba,956.924598715641
katoomba,683.261392670623
katoomba,658.4457733280921
katoomba,1222.2976057518306
katoomba,247.02863264550555
katoomba,683.6856002422959
katoomba,650.4689006970707
katoomba,949.4559917700245
katoomba,637.8183549575074
katoomba,685.2425692250006
katoomba,1066.8516481648587
katoomba,1395.5222461954704
katoomba,306.1368120789873
katoomba,196.78837224425592
katoomba,264.269933222119
katoomba,506.14881340963177
katoomba,422.56980384026883
katoomba,574.7077309974364
katoomba,347.28596746900644
katoomba,290.1508225817263
katoomba,1487.6074915651943
katoomba,1362.453920944205
katoomba,1487.7000772309389
katoomba,859.8531523571962
katoomba,769.3829749295135
katoomba,531.9452320795201
katoomba,373.98716924987104
katoomba,486.27140752664195
katoomba,628.878536999217
katoomba,916.4063687106267
katoomba,325.48129290063144
katoomba,578.8012637796357
katoomba,1275.504403032055
katoomba,1159.2557809692673
katoomba,203.33306876836315
katoomba,844.9215626071484
katoomba,669.8943505246743
katoomba,1180.7274330470502
katoomba,392.282697064707
katoomba,375.5091824728597
katoomba,266.1368411929843
katoomba,530.6156333117517
katoomba,136.01406720125513
katoomba,1214.227197505078
katoomba,1372.5560769384217
katoomba,461.20802962800576
katoomba,708.9399874472184
katoomba,1101.9706054960366
katoomba,887.9462396234719
katoomba,215.7894285666637
katoomba,654.2412174088713
katoomba,974.0362827474058
katoomba,1494.309313820316
katoomba,845.736887413213
katoomba,1199.299089867814
katoomba,294.1315749872788
katoomba,1255.1246879689766
katoomba,640.8615530163022
katoomba,420.4366227741559
katoomba,1331.9510712153815
katoomba,150.89256535429809
katoomba,153.9120712810998
katoomba,404.3649505734529
katoomba,261.40397046292503
katoomba,387.7433684263721
katoomba,788.9885809313238
katoomba,1456.3824036897709
katoomba,1160.6178091130798
katoomba,503.43787573724114
katoomba,995.1365840151875
katoomba,915.586258825369
katoomba,600.7099864647721
katoomba,1258.1365070825202
katoomba,410.6215961872587
katoomba,896.8394502237369
katoomba,945.4405271186927
katoomba,480.6064233160808
katoomba,1470.9307241529336
katoomba,1073.6863953675347
katoomba,1312.4872390138219
katoomba,1266.6042925288493
katoomba,1207.3813340566876
katoomba,1414.762841696009
katoomba,1134.6533676279566
katoomba,866.0465505898339
katoomba,329.5622091743737
katoomba,468.439644815495
katoomba,862.395792585182
katoomba,1153.7293879908605
katoomba,808.5591511314354
katoomba,241.38163155225268
katoomba,679.6503889929272
katoomba,1414.8030435239318
katoomba,1430.354889131565
katoomba,891.5892685474462
katoomba,580.2303595181368
katoomba,942.4988841853033
katoomba,1175.336350257199
katoomba,1002.9521854546534
katoomba,1232.6000750697851
katoomba,1098.9698157291614
katoomba,898.9632427506398
katoomba,1342.02207887389
katoomba,1183.5696354897725
katoomba,465.2670608914564
katoomba,990.2329958515237
katoomba,957.5584189555601
katoomba,1392.2524865949097
katoomba,496.6930594197295
katoomba,1269.3348025682074
katoomba,1255.6704041622127
katoomba,1262.432363102314
katoomba,1323.4035744301507
katoomba,984.290793784093
katoomba,962.2402442217683
katoomba,1381.5173607785916
katoomba,457.80535554784854
katoomba,819.8885711255015
katoomba,895.4483245197606
katoomba,1366.0205646929594
katoomba,366.29833862175127
katoomba,327.0232743923079
katoomba,979.5759850222108
katoomba,709.2276833899066
katoomba,1479.3665144614272
katoomba,815.2629843655876
katoomba,1176.2540978766078
katoomba,1018.2872801775034
katoomba,1306.3742595810752
katoomba,506.29638765989745
katoomba,350.04004147405544
katoomba,661.5132951243108
katoomba,1089.9697720925521
katoomba,900.9165629579074
katoomba,399.97786652519864
katoomba,307.51868528321796
katoomba,450.74368723641624
katoomba,495.82612333396156
katoomba,426.04923752887305
katoomba,1328.5096104740182
katoomba,857.0203267351305
katoomba,945.6792769623072
katoomba,469.2829758511477
katoomba,591.4157614171645
katoomba,554.4910684202614
katoomba,193.81628656753924
katoomba,739.6346377479933
katoomba,172.1962186929249
katoomba,1145.485306240678
katoomba,265.81756376648707
katoomba,1074.164480341532
katoomba,423.74454758317046
katoomba,364.660980561207
katoomba,1198.5719458466049
katoomba,985.8953277793782
katoomba,654.5127891261993
katoomba,962.8657200448961
katoomba,1332.086643424033
katoomba,748.7835784268782
katoomba,942.6559154453481
katoomba,408.76884098496595
katoomba,820.0594618108388
katoomba,1397.4639885919312
katoomba,454.13951882039373
katoomba,119.7872636486286
katoomba,856.1424796227002
katoomba,919.1551098520891
katoomba,360.31420477923643
katoomba,568.5778910045993
katoomba,408.69818103219427
katoomba,285.1000056934823
katoomba,1398.8709696369795
katoomba,1258.811087878028
katoomba,1296.3381092603106
katoomba,960.0263912993374
katoomba,466.7095846773766
katoomba,501.74108773889026
katoomba,406.12419205824693
katoomba,1075.5163248002314
katoomba,884.8505681384543
katoomba,1263.8251701634458
katoomba,1364.6630964714795
katoomba,257.43740173435947
katoomba,424.5362931074473
katoomba,314.80084170842673
katoomba,873.4321217216312
katoomba,775.4319306630166
katoomba,1389.3358060793669
katoomba,1398.4831440509838
katoomba,1330.7670080444495
katoomba,1392.8471779790493
katoomba,1411.271200965145
katoomba,846.6097749434201
katoomba,828.3201026700337
katoomba,1313.8132010912805
katoomba,719.9911680190675
katoomba,231.2080410057019
katoomba,1036.7245760840842
katoomba,811.1252303289958
katoomba,991.5533375071421
katoomba,1486.9569357872142
katoomba,1231.1908325518352
katoomba,486.16793254840036
katoomba,241.20823642365784
katoomba,163.31252133416115
katoomba,1000.9742049112218
katoomba,408.3757992199833
katoomba,977.5386684735792
katoomba,1009.2822874158497
katoomba,1319.9482025236032
katoomba,716.1700315814863
katoomba,1297.2634506635804
katoomba,1285.9212619757209
katoomba,325.976819729769
katoomba,606.8001632523866
katoomba,1102.8475511672978
katoomba,1409.128460394644
katoomba,1245.0191285670765
katoomba,1097.9777788894949
katoomba,219.84468327921104
katoomba,1301.8942001133414
katoomba,869.0541389526902
katoomba,136.42380113608186
katoomba,581.3548594100371
katoomba,1237.6736339400777
katoomba,595.8570836342068
katoomba,519.9128665780262
katoomba,1365.8549563732593
katoomba,1223.5576785734431
katoomba,1440.6464183133198
katoomba,1424.6179216799271
katoomba,983.2733303895425
katoomba,652.8024127753043
katoomba,896.1374674941906
katoomba,363.67852667297655
katoomba,285.76902568111683
katoomba,729.3406659110857
katoomba,1316.8771202963355
katoomba,433.48304288334094
katoomba,453.21368973521646
katoomba,663.260002755882
katoomba,1401.747193491245
katoomba,253.74917243131392
katoomba,1444.78830665004
katoomba,378.88062954867434
katoomba,1305.451582369663
katoomba,929.373978637147
katoomba,770.9321660132063
katoomba,801.2125920299792
katoomba,405.2035326321986
katoomba,175.12099330702856
katoomba,1396.2482257853944
katoomba,184.1389257249101
katoomba,819.8251748485277
katoomba,1286.8423821018448
katoomba,1307.243640467715
katoomba,1049.1838240632992
katoomba,1141.8865211371597
katoomba,1335.4337286607802
katoomba,188.07969332581868
katoomba,1296.5896007800775
katoomba,907.8794304415478
katoomba,575.2185270680318
katoomba,543.3045209550851
katoomba,250.01196749599018
katoomba,520.2836665153334
katoomba,611.9900573657069
katoomba,1291.456525803447
katoomba,1329.114558153705
katoomba,445.77865979369074
katoomba,126.6726010325819
katoomba,104.95675132739117
katoomba,376.0677915155243
katoomba,869.7170766904133
katoomba,192.76381492017273
katoomba,1122.4441850925282
katoomba,325.96701125536185
katoomba,620.9911543631486
katoomba,1169.6297885999952
katoomba,1003.8022293396417
katoomba,765.3330094039582
katoomba,236.65624717712598
katoomba,785.6751708343513
katoomba,540.3585875840774
katoomba,925.5535725669207
katoomba,301.683927294108
katoomba,163.8185742294836
katoomba,1393.2345036244376
katoomba,1147.1057254228886
katoomba,294.48664492728903
katoomba,477.7200669155127
katoomba,1472.2453729851984
katoomba,374.0551777037804
katoomba,490.00214550763997
katoomba,757.8996251238693
katoomba,257.03796806368143
katoomba,355.1970086502778
katoomba,227.4453188916786
katoomba,636.3056515052477
katoomba,601.0972591950269
katoomba,741.9424980465162
katoomba,1330.9384494279127
katoomba,1224.5096415676253
katoomba,940.2664525747977
katoomba,273.15610992161726
katoomba,849.5405240670087
katoomba,1431.4161045141589
katoomba,1050.1132115447915
katoomba,1287.6060228871263
katoomba,791.2413351490956
katoomba,1257.840452223805
katoomba,1323.641725044114
katoomba,1117.2970118708645
katoomba,1432.8584050742895
katoomba,326.3939766720284
katoomba,1301.3053096640128
katoomba,613.1352331526099
katoomba,225.5700402520937
katoomba,1454.3495672017814
katoomba,960.6570705229872
katoomba,747.1937150939187
katoomba,227.29483833885394
katoomba,1254.1324551857358
katoomba,247.7402787042964
katoomba,408.2926485705353
katoomba,337.2009912816538
katoomba,687.9755960115948
katoomba,359.35715671884657
katoomba,250.4720146191767
katoomba,1054.6641623956352
katoomba,834.9250763112609
katoomba,227.4447592578649
katoomba,254.16171895738356
katoomba,788.7351938117896
katoomba,373.3436424764622
katoomba,911.6353005194071
katoomba,1468.1030757581652
katoomba,1233.9899238577516
katoomba,1011.858027436735
katoomba,1087.9546553079883
katoomba,517.0658669915953
katoomba,182.96155349210355
katoomba,111.15480608271157
katoomba,630.1065968922152
katoomba,1318.797287883871
katoomba,357.133678157203
katoomba,652.0698239358295
katoomba,150.49760873909406
katoomba,1069.0427569336914
katoomba,775.7716523107281
katoomba,1143.8776307187604
katoomba,1062.2566859764186
katoomba,1491.7098730728183
katoomba,513.689744875084
katoomba,371.1957034782035
katoomba,697.3572906073093
katoomba,1292.977064712531
katoomba,281.87604840316726
katoomba,749.3920954706202
katoomba,487.56561339375673
katoomba,368.2361061475519
katoomba,1498.7836657088276
katoomba,499.3542523089997
katoomba,1207.2748059182031
katoomba,352.8185354499972
katoomba,1098.9428373201022
katoomba,328.5344057030061
katoomba,998.2581251765428
katoomba,368.5587406719075
katoomba,854.8544166429367
katoomba,1451.9780495722753
katoomba,1082.0232341275018
katoomba,741.0381493133785
katoomba,941.7991557531577
katoomba,1498.3578442851162
katoomba,645.8199419112108
katoomba,425.548564098648
katoomba,185.24605060353667
katoomba,1120.6122067559822
katoomba,620.788289213894
katoomba,692.2536462594934
katoomba,729.8466136646537
katoomba,347.8807213166764
katoomba,302.52584919987225
katoomba,233.57905494784032
katoomba,955.3398419327862
katoomba,344.0033129901567
katoomba,1214.6089923692052
katoomba,192.84448222844037
katoomba,1484.3764370012025
katoomba,1100.4478291520668
katoomba,718.6762404561116
katoomba,509.9072490067241
katoomba,1154.9017261990225
katoomba,1472.6180479116535
katoomba,367.63989592958376
katoomba,895.5459936775322
katoomba,761.1174611254423
katoomba,729.2578214739577
katoomba,207.96807161560372
katoomba,442.87536750753543
katoomba,861.9126177401756
katoomba,1267.7569750200382
katoomba,846.8900419172508
katoomba,1055.1124357594956
katoomba,669.7849050595611
katoomba,730.5149023713753
katoomba,136.29969721535946
katoomba,1472.7685190131826
katoomba,1064.3009347941131
katoomba,857.3597100861357
katoomba,1490.7179208176447
katoomba,442.2324836865482
katoomba,100.81641038675917
katoomba,1417.301237300208
katoomba,810.5031218285093
katoomba,751.803681529066
katoomba,431.36166401646784
katoomba,1068.473999630762
katoomba,1062.6089472550266
katoomba,337.6580716303432
katoomba,1060.9447790779777
katoomba,262.32627611813143
katoomba,324.1497769185005
katoomba,999.2933951723683
katoomba,304.9967612500044
katoomba,1210.8007931717325
katoomba,531.1209771262969
katoomba,1215.3577462292067
katoomba,526.7252896783347
katoomba,996.3297600367746
katoomba,1140.2394195052357
katoomba,348.9427077875347
katoomba,892.0898902906534
katoomba,1306.8287070785293
katoomba,397.1239435435906
katoomba,121.22599517259216
katoomba,143.1240678322746
katoomba,1403.313646532888
katoomba,1225.0242262025251
katoomba,616.4406992314945
katoomba,192.2213103961426
katoomba,669.1744366305413
katoomba,924.1921968480847
katoomba,609.7107938085741
katoomba,203.91394350578895
katoomba,627.9999969699567
katoomba,154.33338129858578
katoomba,428.87580706797837
katoomba,181.86702924808034
katoomba,966.8709580046401
katoomba,115.59667324018139
katoomba,713.4111634752977
katoomba,466.59922683137074
katoomba,745.5561985351404
katoomba,1246.128411303254
katoomba,211.9987873063872
katoomba,686.8423946286189
katoomba,1071.9071046776062
katoomba,419.9370485012363
katoomba,1306.522049530833
katoomba,1448.080303912393
katoomba,764.2939446699912
katoomba,719.251462600069
katoomba,630.0966012211805
katoomba,1397.6428254337482
katoomba,1450.0865702175051
katoomba,898.8473825884466
katoomba,396.16743825716054
katoomba,495.66849606872876
katoomba,1009.5331532157821
katoomba,1121.5658298706796
katoomba,299.70478812030785
katoomba,643.5814894730221
katoomba,708.8278545695084
katoomba,1338.6546645087415
katoomba,691.4363264913429
katoomba,879.2051417554972
katoomba,569.7051200321782
katoomba,498.83591464616654
katoomba,1093.3695787145662
katoomba,262.2818348426332
katoomba,261.7807793239559
katoomba,127.2744666043411
katoomba,750.2243306193278
katoomba,1216.0843259064059
katoomba,738.351676836515
katoomba,1242.5593613000476
katoomba,326.5245178592391
katoomba,1237.776390132615
katoomba,533.6116537908385
katoomba,836.054098694384
katoomba,715.8844095690861
katoomba,920.9423992521769
katoomba,638.4783574389984
katoomba,376.90069968784394
katoomba,453.7430271694129
katoomba,1410.946207944373
katoomba,351.4680238852692
katoomba,572.6005947700619
katoomba,1318.986321823122
katoomba,1442.909177346037
katoomba,1197.9648887581038
katoomba,157.13864794424734
katoomba,482.85732641025413
katoomba,1254.2034757029587
katoomba,189.77683111730028
katoomba,341.9940765122868
katoomba,1080.8315044612527
katoomba,851.3049975289672
katoomba,808.4088888572456
katoomba,172.96003947588443
katoomba,1273.203609156665
katoomba,787.1005419063004
katoomba,1006.9135009255112
katoomba,1204.7974052617133
katoomba,938.0031069135674
katoomba,1386.5482104839257
katoomba,1428.0337429455906
katoomba,151.99878058202108
katoomba,499.6226823883637
katoomba,139.94897524852485
katoomba,1485.931957173625
katoomba,271.3825525990301
katoomba,997.8472828059255
katoomba,712.7705415746844
katoomba,614.1135661155663
katoomba,890.1333404126294
katoomba,237.44049872468983
katoomba,1275.7575938257773
katoomba,133.36297140921226
katoomba,1194.5018871845957
katoomba,1209.4067628791022
katoomba,439.4310478018152
katoomba,938.7663221044605
katoomba,272.8345812705615
katoomba,751.3979186473421
katoomba,1408.3185674733993
katoomba,260.74178761728314
katoomba,364.63512572236147
katoomba,471.5097538371521
katoomba,970.553971644679
katoomba,206.44718779366502
katoomba,195.1855900840129
katoomba,327.79578662764027
katoomba,1092.7078989913125
katoomba,1446.2222224192033
katoomba,1155.7097922580272
katoomba,1444.8978146973027
katoomba,932.3870305007929
katoomba,320.00781057662687
katoomba,787.362292923688
katoomba,1119.7462939344296
katoomba,559.4196561605263
katoomba,320.64158018221457
katoomba,239.38372095535985
katoomba,611.5459240935252
katoomba,257.5126623109955
katoomba,755.2614800617391
katoomba,1450.0091420973802
katoomba,233.0485341087061
katoomba,945.078494957369
katoomba,308.8475666154761
katoomba,1085.605368353676
katoomba,115.16287290886093
katoomba,672.4977029565423
katoomba,394.49728367562057
katoomba,1404.2991658226535
katoomba,514.0100266252673
katoomba,820.0436848303472
katoomba,846.783160134627
katoomba,188.13073604294115
katoomba,698.2843880512235
katoomba,812.4073612938719
katoomba,1013.1011158507787
katoomba,617.4436819037282
katoomba,669.4125010860695
katoomba,1265.8010845825088
katoomba,1407.2348474452767
katoomba,630.7894210891104
katoomba,1369.7461481307305
katoomba,313.86984057114233
katoomba,1125.6125186409406
katoomba,1261.6701442428523
katoomba,1149.324298951486
katoomba,586.4674975222308
katoomba,587.7724418719263
katoomba,1109.2065220821714
katoomba,448.28128167169626
katoomba,592.551124986697
katoomba,590.6175885414998
katoomba,1357.5185887715088
katoomba,794.4585453865415
katoomba,1079.3242061177434
katoomba,232.47144575959967
katoomba,477.98846361535794
katoomba,396.35355545704414
katoomba,924.2127130764067
katoomba,1403.4339148009137
katoomba,234.53132269011022
katoomba,948.4039580342045
katoomba,862.3930730343594
katoomba,1464.4923483030664
katoomba,209.71639868824565
katoomba,917.1233178873683
katoomba,799.5921671766844
katoomba,664.4883191174873
katoomba,179.6935568162438
katoomba,1217.5703131231387
katoomba,483.893283877269
katoomba,286.92826602983723
katoomba,789.2462005622855
katoomba,575.4590349666731
katoomba,1248.2973811221286
katoomba,592.7809210522469
katoomba,617.4697627241442
katoomba,278.9990422835524
katoomba,840.9165516190717
katoomba,171.35124795638157
katoomba,919.8700061418772
katoomba,1079.8363531363757
katoomba,1275.8726878593388
katoomba,594.4430979320102
katoomba,1088.7913646220368
katoomba,760.9389548150989
katoomba,1274.4565908191944
katoomba,1175.3545375868782
katoomba,1183.0867120637133
katoomba,368.51053223848214
katoomba,641.9739989891129
katoomba,408.61294687279866
katoomba,473.30054542911944
katoomba,398.5818877743514
katoomba,131.31055068435913
katoomba,507.31411258639633
katoomba,1483.3524770218373
katoomba,249.52952044906627
katoomba,320.3702046652435
katoomba,1167.2624034313178
katoomba,757.9768326214228
katoomba,1151.481357822869
katoomba,258.72510746486023
katoomba,1311.790737066827
katoomba,157.43184597613975
katoomba,1241.824817346789
katoomba,116.66475151286255
katoomba,981.1457232981177
katoomba,684.9107751366812
katoomba,1153.7110863100736
katoomba,1392.8813163121201
katoomba,968.3765731180686
katoomba,1442.6574447813518
katoomba,1100.1458052268074
katoomba,886.0987634725357
katoomba,781.7662470045782
katoomba,503.7271890257898
katoomba,848.9000430257367
katoomba,590.9555390083992
katoomba,292.96584128575694
katoomba,420.8667736804427
katoomba,157.28261881782862
katoomba,448.47426982866926
katoomba,755.9826111381002
katoomba,802.784900514838
katoomba,1443.1795983305947
katoomba,1086.1165106027888
katoomba,927.0705548215544
katoomba,989.2297095542924
katoomba,908.0830646191376
katoomba,550.7485468330639
katoomba,1331.7876915323427
katoomba,262.36602258736025
katoomba,846.8730336790851
katoomba,578.3838925519743
katoomba,1337.0614886013404
katoomba,813.7258189653355
katoomba,1088.6119271257023
katoomba,530.1236359103843
katoomba,760.061215707494
katoomba,1303.598836359244
katoomba,959.5160907352058
katoomba,124.1350307853817
katoomba,324.8359733821842
katoomba,584.2427857478036
katoomba,890.4476624813448
katoomba,1046.953322044691
katoomba,1353.4758806262023
katoomba,483.1116573651701
katoomba,564.7774433518216
katoomba,1118.0758385903575
katoomba,359.5311044599925
katoomba,1382.6191482109061
katoomba,123.6724604124551
katoomba,1409.6491444877897
katoomba,1170.703602053498
katoomba,158.00435324430183
katoomba,906.7201430848144
katoomba,1230.9423692304567
katoomba,918.6882566692584
katoomba,524.1955948371743
katoomba,578.9364286290427
katoomba,1165.1800209024395
katoomba,1422.5640624155524
katoomba,125.40420935770847
katoomba,224.33954179165676
katoomba,766.7571325743025
katoomba,1363.1876893738784
katoomba,245.59671301179867
katoomba,262.1081965760432
katoomba,220.67019739091933
katoomba,1394.2306105617354
katoomba,1431.0884817176695
katoomba,398.54442777204247
katoomba,433.95600078377527
katoomba,711.7403416922223
katoomba,612.1796675030849
katoomba,443.5739124660003
katoomba,637.6682709273505
katoomba,937.1453854370232
katoomba,1088.3485058105302
katoomba,510.75850011982146
katoomba,1490.8608236386242
katoomba,1194.136468794372
katoomba,470.1741364384309
katoomba,544.453638032207
katoomba,621.366423596318
katoomba,524.8139474213916
katoomba,434.9314806716835
katoomba,177.89290458328904
katoomba,576.3695431905452
katoomba,1254.6473104695133
katoomba,662.6286369345742
katoomba,843.4035483733393
katoomba,1208.9335904431591
katoomba,466.8270651891414
katoomba,438.27812141166544
katoomba,343.32841131497423
katoomba,1190.6730610364136
katoomba,1349.0188364572398
katoomba,109.30823380993589
katoomba,815.1905324653073
katoomba,381.6177368333497
katoomba,176.17752822552973
katoomba,1254.3056017706215
katoomba,817.73615056538
katoomba,674.3019912281467
katoomba,1097.3530724793359
katoomba,629.1295409997684
katoomba,895.2289060069608
katoomba,1231.3792515261512
katoomba,759.1547388624411
katoomba,633.1905665204955
katoomba,238.91502214825738
katoomba,273.36946078806784
katoomba,983.871677205038
katoomba,207.57707707581187
katoomba,876.5657474234436
katoomba,568.6992972068031
katoomba,242.9014401016802
katoomba,164.18874946353367
katoomba,422.8705157629086
katoomba,985.3073180361363
katoomba,235.27375394348076
katoomba,753.2619049195075
katoomba,576.8595694368619
katoomba,670.1905995298472
katoomba,932.9084989095279
katoomba,1189.7973641613416
katoomba,1159.2893989593888
katoomba,310.7510369568885
katoomba,1427.9299440490288
katoomba,377.2260527192293
katoomba,457.72800257605553
katoomba,1408.1046566626167
katoomba,1416.3457341101912
katoomba,436.7236732942668
katoomba,204.08709592812116
katoomba,138.28160063696404
katoomba,415.9314888545353
katoomba,292.4330127639088
katoomba,773.4413862277696
katoomba,173.41281796069248
katoomba,496.580404816255
katoomba,1458.355220299805
katoomba,150.28962340218231
katoomba,978.4540867691131
katoomba,554.6761571925607
katoomba,1142.7427735139743
katoomba,352.3270674033272
katoomba,407.650951710982
katoomba,821.0118394815021
katoomba,1336.3654746541804
katoomba,461.0841038700857
katoomba,170.59787518931483
katoomba,374.14372595483445
katoomba,880.0366428970877
katoomba,273.22675753057536
katoomba,1396.1112579183093
katoomba,635.5049041422608
katoomba,1097.850115346132
katoomba,1258.3328582676793
katoomba,835.839351957995
katoomba,261.9382785412703
katoomba,878.2264700562946
katoomba,1138.8310291873167
katoomba,1225.9567974899753
katoomba,832.7811043968527
katoomba,1448.7471121943768
katoomba,718.8837556427095
katoomba,1179.8362558272931
katoomba,550.144579225612
katoomba,1122.7116844253464
katoomba,1173.4120195498415
katoomba,734.910622129406
katoomba,917.967250760636
katoomba,572.5051711961444
katoomba,1354.6289814244374
katoomba,225.55520947554078
katoomba,985.5431938637987
katoomba,978.3854663549934
katoomba,1367.9473908310256
katoomba,956.321479560681
katoomba,967.6290455733774
katoomba,234.95825556176047
katoomba,653.6945274604481
katoomba,1185.4187285086991
katoomba,1173.4624237374437
katoomba,1125.147494449646
katoomba,1374.6796343788965
katoomba,833.4517157094235
katoomba,456.95627469557564
katoomba,488.4259244212383
katoomba,1303.779411911748
katoomba,786.745586784281
katoomba,754.12388740392
katoomba,610.0177393637337
katoomba,843.1553706908421
katoomba,1084.0648797123793
katoomba,1299.5597084178478
katoomba,340.0385595652758
katoomba,659.5057785482111
katoomba,798.5065086224267
katoomba,1221.1775724436814
katoomba,1274.561682974233
katoomba,137.60195018802085
katoomba,554.8311923247566
katoomba,425.8608587829333
katoomba,678.2554844629598
katoomba,803.3597242802415
katoomba,1102.4033594808825
katoomba,950.6685304534448
katoomba,901.5701869340193
katoomba,1379.8824006065681
katoomba,306.47594021057824
katoomba,1389.103823149991
katoomba,487.4464954784961
katoomba,991.0512142687114
katoomba,946.0901279618187
katoomba,566.2656589496735
katoomba,837.5611813011266
katoomba,548.6434733119984
katoomba,264.5430950671595
katoomba,1312.0518116070045
katoomba,224.73201763648137
katoomba,1357.0097242727836
katoomba,1084.7233307875413
katoomba,1253.010880406423
katoomba,1010.6517900035551
katoomba,1020.7984093070902
katoomba,1335.5176657577556
katoomba,1124.956566715919
katoomba,1483.6048162112963
katoomba,1128.533271868793
katoomba,697.8021599514535
katoomba,756.8469104193572
katoomba,125.33246621826042
katoomba,479.355823047901
katoomba,482.8137834729857
katoomba,1047.6988819086223
katoomba,720.9844612294255
katoomba,1097.2554177203915
katoomba,407.948763748583
katoomba,460.6570927834389
katoomba,307.9625917781749
katoomba,526.1986450465454
katoomba,1236.2231778446928
katoomba,652.7216826781212
katoomba,821.5975257582836
katoomba,631.3448081962342
katoomba,154.3213362711162
katoomba,880.9544640403246
katoomba,1146.0979914772822
katoomba,501.4014742901605
katoomba,1260.4639415593144
katoomba,690.271972958901
katoomba,742.3365320189341
katoomba,1119.5073190064484
katoomba,302.8059662680495
katoomba,747.2186747324652
katoomba,1301.2773391085216
katoomba,1386.316993013132
katoomba,1003.4981276095142
katoomba,295.75567836712077
katoomba,673.4700753205726
katoomba,521.730466066173
katoomba,1289.7333341225597
katoomba,1111.998657091107
katoomba,860.7130245917385
katoomba,1428.3939684440654
katoomba,502.9192718634666
katoomba,542.9820183683687
katoomba,412.2991902183545
katoomba,853.0245225311428
katoomba,596.4222894607258
katoomba,1020.5612446925668
katoomba,236.96340866233908
katoomba,427.79861740023983
katoomba,923.2971105102353
katoomba,1370.1788836508008
katoomba,1070.7030298196491
katoomba,997.4537366105188
katoomba,459.3145624089671
katoomba,884.639919896412
katoomba,1333.6063606211878
katoomba,168.08533375256013
katoomba,575.6150811946807
katoomba,321.8833781088515
katoomba,175.96850374368668
katoomba,130.78047851692628
katoomba,1493.8326372374204
katoomba,574.6958090431251
katoomba,842.2643289506976
katoomba,1405.7249229732583
katoomba,308.0528536387016
katoomba,1397.5599653419495
katoomba,873.4639232595829
katoomba,1137.0236848145669
katoomba,597.1070744748297
katoomba,281.47825707555853
katoomba,1026.655185353579
katoomba,892.7767843836326
katoomba,1412.7489557397864
katoomba,441.4936373666533
katoomba,226.09107748988572
katoomba,310.2298384058154
katoomba,463.2496442658622
katoomba,624.1310266954886
katoomba,199.28900823014288
katoomba,579.4806256301222
katoomba,1339.6040731513476
katoomba,785.9164789135466
katoomba,877.6047913967639
katoomba,1275.3917888889619
katoomba,1407.1128129724054
katoomba,240.92492505188153
katoomba,1369.7205983301526
katoomba,616.220592204122
katoomba,412.9036846956733
katoomba,795.2017582670929
katoomba,1361.3934621700087
katoomba,603.4517544178232
katoomba,353.0434175166629
katoomba,388.8546051210544
katoomba,1156.030312691254
katoomba,130.5531205697192
katoomba,1237.7913422488587
katoomba,816.8759815474143
katoomba,251.96265127503912
katoomba,607.5706777332555
katoomba,1182.190399827242
katoomba,1279.2924163456928
katoomba,1290.5776233554325
katoomba,320.8364820512817
katoomba,1141.120748090618
katoomba,1248.1586574751266
katoomba,1198.6743476551726
katoomba,852.9017387172161
katoomba,167.79773980917665
katoomba,470.40712999895914
katoomba,456.5435538005661
katoomba,1435.5759355636906
katoomba,1136.5145959457168
katoomba,349.2172767329097
katoomba,1054.2853222227177
katoomba,659.5008749619919
katoomba,502.4286450405448
katoomba,1204.23196761485
katoomba,692.0745509650264
katoomba,256.3770438903375
katoomba,952.853859025062
katoomba,1292.5764532663352
katoomba,600.5262825589693
katoomba,545.7781092496778
katoomba,753.4555689471038
katoomba,1243.972158760314
katoomba,362.51357961829325
katoomba,1459.3478814804132
katoomba,1004.6617229519263
katoomba,986.9508811631432
katoomba,337.1314447669498
katoomba,1374.39970599185
katoomba,585.6844256648724
katoomba,893.1697343769345
katoomba,1019.292305086989
katoomba,199.41175447744297
katoomba,980.737354467874
katoomba,775.393625760974
katoomba,1213.8843519335662
katoomba,403.1862911043416
katoomba,1174.3078970241136
katoomba,1073.3140713090927
katoomba,974.0348400288864
katoomba,1383.4780509867996
katoomba,424.82434656667937
katoomba,668.8824770547742
katoomba,316.3822093411478
katoomba,247.25084072346058
katoomba,906.49345596586
katoomba,326.47324659589833
katoomba,904.4040609046386
katoomba,343.46865136975873
katoomba,1346.2347797252062
katoomba,981.0998873291885
katoomba,577.1674565829019
katoomba,1262.2030316617843
katoomba,317.3049966420075
katoomba,665.7651750519802
katoomba,1354.2825721788893
katoomba,188.9337821465042
katoomba,791.2618222462137
katoomba,118.6116301015615
katoomba,1105.5149475497417
katoomba,637.3183817901738
katoomba,1184.2530900805937
katoomba,379.0654732260921
katoomba,361.56148538531517
katoomba,583.6361020196521
katoomba,276.6110424752777
katoomba,441.3696172639249
katoomba,555.5711726574292
katoomba,655.3247621216198
katoomba,691.8451312248561
katoomba,991.0608655462082
katoomba,1068.1821474049402
katoomba,1246.203262437839
katoomba,1236.962151165475
katoomba,179.31591237056136
katoomba,601.5501070592225
katoomba,1473.7983448129617
katoomba,423.0366422227567
katoomba,889.8659726904542
katoomba,972.4746989604624
katoomba,536.7382326806369
katoomba,252.30305159070957
katoomba,809.9664451363994
katoomba,537.9002350843718
katoomba,1104.3732973825754
katoomba,303.10661130126533
katoomba,812.0363442194102
katoomba,312.0383256583981
katoomba,973.7108257444612
katoomba,358.08161493222565
katoomba,1344.118604644251
katoomba,1368.4539498598651
katoomba,1242.741791180885
katoomba,1034.066846388246
katoomba,1236.506831014409
katoomba,683.0804002229299
katoomba,215.96051537037542
katoomba,176.80429050265815
katoomba,686.3369368437927
katoomba,1461.2208139464985
katoomba,315.03824188060304
katoomba,384.00721132826084
katoomba,1319.2385996912415
katoomba,1157.6387388290318
katoomba,931.8170539879196
katoomba,1254.0764405074156
katoomba,382.73788375836864
katoomba,518.9415520109178
katoomba,182.22347715853454
katoomba,211.24656097973013
katoomba,269.7075587338385
katoomba,479.32727134390655
katoomba,458.61404655547756
katoomba,457.0392523663725
katoomba,1106.172740285665
katoomba,331.60318847610426
katoomba,1162.6702753900086
katoomba,694.350866204587
katoomba,518.9102023520943
katoomba,621.2056534339292
katoomba,1087.7450444473866
katoomba,826.0569582432723
katoomba,867.571661379033
katoomba,821.8175812714633
katoomba,459.15951511262045
katoomba,984.663453386286
katoomba,1396.241839084491
katoomba,297.21161181116645
katoomba,114.87705945683098
katoomba,719.2076772768123
katoomba,1199.9285230498858
katoomba,337.42810670297837
katoomba,372.9251489736865
katoomba,582.0820786998676
katoomba,838.337048923197
katoomba,830.9066798697565
katoomba,799.538595791198
katoomba,517.964846809142
katoomba,1124.1129134436896
katoomba,237.3841751023819
katoomba,555.8304620580532
katoomba,162.5533566175604
katoomba,1354.0055613975903
katoomba,436.32074429916577
katoomba,209.76672807483897
katoomba,892.5414696550644
katoomba,1290.351723765352
katoomba,748.6604584021566
katoomba,660.2667845879366
katoomba,918.8166260514703
katoomba,668.287148094036
katoomba,438.02021676645165
katoomba,732.7974503667255
katoomba,543.8400352017832
katoomba,965.1469711461776
katoomba,887.9397538920801
katoomba,495.93678777481836
katoomba,348.1007902960225
katoomba,406.78670376873646
katoomba,785.1640380598504
katoomba,700.4970681242651
katoomba,1191.7659703741606
katoomba,628.3549204519021
katoomba,803.1685373091641
katoomba,814.8504195396441
katoomba,318.3816259981976
katoomba,622.3213771890687
katoomba,424.0101142133365
katoomba,1252.115915083532
katoomba,739.8074665316166
katoomba,702.9102820063889
katoomba,615.3576542829472
katoomba,1362.414565817815
katoomba,1062.5509434909995
katoomba,908.596132671094
katoomba,341.78394131390803
katoomba,634.6307271677308
katoomba,299.1972725237101
katoomba,313.4965239750924
katoomba,1347.8174757057625
katoomba,694.586063454355
katoomba,1290.4163431077704
katoomba,902.692281631588
katoomba,566.375535837494
katoomba,418.6361063897786
katoomba,753.5044063326316
katoomba,703.6227685243309
katoomba,309.38179810843303
katoomba,1181.5316526701117
katoomba,1321.5993662520054
katoomba,819.5556616464975
katoomba,539.8320439273725
katoomba,638.9333096178555
katoomba,990.1560780698936
katoomba,1181.9425931761823
katoomba,162.06027971999092
katoomba,753.6712772853621
katoomba,1310.9294014465092
katoomba,1031.7015928744593
katoomba,1432.6167141001113
katoomba,925.7102247764185
katoomba,489.61878409302204
katoomba,1415.911513121345
katoomba,545.8095411329925
katoomba,1463.1010287784013
katoomba,1496.2901808122156
katoomba,427.0480928105365
katoomba,619.957882276957
katoomba,962.0571199313337
katoomba,392.5722584121318
katoomba,1321.8082274977685
katoomba,969.8513306941479
katoomba,1313.0268712462087
katoomba,1086.0432756840505
katoomba,1161.9584642595764
katoomba,634.4813675034699
katoomba,414.9862877076796
katoomba,1325.5071502598557
katoomba,718.5132315759184
katoomba,1010.98670796717
katoomba,762.0423632232347
katoomba,1134.741701821381
katoomba,886.6015832003319
katoomba,835.4079111336417
katoomba,1028.959740409356
katoomba,940.0776268700264
katoomba,743.6669803118335
katoomba,406.8467455089736
katoomba,183.00426951621844
katoomba,209.7306566062142
katoomba,940.756161704811
katoomba,249.04855788157556
katoomba,867.2756244767934
katoomba,1145.0582219926976
katoomba,996.7026692197452
katoomba,298.1884379700933
katoomba,777.9780259833616
katoomba,301.44977902454934
katoomba,812.0015192839398
katoomba,357.1192063601443
katoomba,910.0848951829109
katoomba,517.5959197323288
katoomba,481.5824303459077
katoomba,925.7965081889952
katoomba,1145.1186143780778
katoomba,574.2678320901838
katoomba,850.0551505129919
katoomba,1177.7922022564
katoomba,1422.1064456957129
katoomba,1385.4214220030708
katoomba,1408.3650831106802
katoomba,626.6452548595099
katoomba,426.36378185716114
katoomba,1051.9394507237917
katoomba,1300.8849344544128
katoomba,645.1685620200376
katoomba,1342.8440171847708
katoomba,1244.531626065864
katoomba,1380.0811580185884
katoomba,1011.0837103703512
katoomba,1432.3130759288858
katoomba,333.8474341020358
katoomba,332.40481630104637
katoomba,1407.3610214987095
katoomba,743.1644557726588
katoomba,213.4414198365363
katoomba,1129.115676923599
katoomba,722.165587735461
katoomba,397.77875694266663
katoomba,516.7424822141579
katoomba,775.9720114466513
katoomba,779.0167283616563
katoomba,263.78986050084745
katoomba,154.9421396690757
katoomba,863.6360396107222
katoomba,870.4918107219447
katoomba,744.7127475882132
katoomba,451.197841156716
katoomba,1371.0682550429556
katoomba,281.4121286898327
katoomba,796.6773020210516
katoomba,649.929935711778
katoomba,1066.813888248856
katoomba,462.54893135969485
katoomba,1285.7855178517166
katoomba,1181.0243384373234
katoomba,1135.867867267219
katoomba,508.98932084710987
katoomba,1172.7798070979463
katoomba,1430.9002163002876
katoomba,1337.4172994339633
katoomba,107.09961781732684
katoomba,519.0995657861121
katoomba,218.38971739836956
katoomba,1170.169885698677
katoomba,961.5049346991782
katoomba,1319.9547343831225
katoomba,662.2920179669087
katoomba,373.03716942199713
katoomba,1415.5159064646587
katoomba,1282.7239270736563
katoomba,1152.4760392418098
katoomba,802.5985917269716
katoomba,480.24696825021755
katoomba,804.1286163355891
katoomba,1089.4337897008154
katoomba,1038.5238624989806
katoomba,1427.420397908805
katoomba,389.7673814933398
katoomba,232.75946465473092
katoomba,270.4345186278839
katoomba,256.6154937345249
katoomba,1001.5846768435349
katoomba,1173.4131816685617
katoomba,563.9857422204362
katoomba,382.8838653817529
katoomba,465.5982160617991
katoomba,862.6828357490612
katoomba,1377.6022822811217
katoomba,288.7460586478194
katoomba,1238.0100083304446
katoomba,693.3284877290089
katoomba,830.3445124334688
katoomba,1395.489231171451
katoomba,1184.009775089541
katoomba,213.36355224962335
katoomba,492.49964219814865
katoomba,222.65660087690236
katoomba,861.3672627743031
katoomba,1325.3485824836214
katoomba,1046.5952890629567
katoomba,1420.9516710094133
katoomba,610.036811250962
katoomba,1280.9387735556916
katoomba,998.3756939921021
katoomba,988.7439535787247
katoomba,569.2991234398391
katoomba,1153.7501704100566
katoomba,963.784190737155
katoomba,129.20551879869163
katoomba,668.584241001339
katoomba,571.4641783950003
katoomba,1431.2670711765986
katoomba,1117.606166704686
katoomba,1197.862004891026
katoomba,768.7872987937379
katoomba,1084.6327684253201
katoomba,776.0690205151355
katoomba,907.5678692134958
katoomba,743.2589471431958
katoomba,1081.345484831665
katoomba,575.9619824335064
katoomba,1142.7663038225928
katoomba,895.4991647746764
katoomba,1074.360954874618
katoomba,836.0725784244228
katoomba,1195.7660108032162
katoomba,892.6829133597242
katoomba,784.1251599039023
katoomba,1286.9781284390447
katoomba,233.12365805390613
katoomba,390.92063443014354
katoomba,573.9333614472109
katoomba,1315.220813840216
katoomba,230.14871155580218
katoomba,501.7834994672354
katoomba,437.90999040446786
katoomba,545.446780009548
katoomba,988.518748916156
katoomba,915.529302273144
katoomba,805.653968335584
katoomba,545.2714392625466
katoomba,253.31264479346964
katoomba,441.5268666726594
katoomba,830.8828120517337
katoomba,1149.3946880994783
katoomba,1006.8157049032544
katoomba,1109.1282251737473
katoomba,310.4533485966231
katoomba,816.1148829506618
katoomba,824.4904603683209
katoomba,805.8229417570723
katoomba,1252.6897056964237
katoomba,184.0697907600967
katoomba,1162.7397261754322
katoomba,137.2602008016305
katoomba,676.769465874268
katoomba,547.5350082089817
katoomba,1431.314656550031
katoomba,693.3433688634146
katoomba,650.3110300293616
katoomba,208.11145143253412
katoomba,1042.0467645773765
katoomba,544.8676774745323
katoomba,404.6185365129577
katoomba,481.71130324781825
katoomba,621.8709291072578
katoomba,583.3989667551186
katoomba,949.1390542193143
katoomba,933.7572831188918
katoomba,265.5467072820198
katoomba,1337.761576497806
katoomba,929.6325156453744
katoomba,1092.9296001449352
katoomba,975.4258459437913
katoomba,215.23258805409438
katoomba,1040.274578834017
katoomba,757.3734639018472
katoomba,1452.491306194885
katoomba,163.2375297248164
katoomba,1439.7574489067417
katoomba,688.6162897765057
katoomba,362.91813828681575
katoomba,709.0706069881073
katoomba,264.5149962419291
katoomba,1387.6445583121726
katoomba,1143.0019841862215
katoomba,1362.2035589947288
katoomba,1092.8530980190276
katoomba,796.4507134993363
katoomba,843.90611381648
katoomba,311.2819020188929
katoomba,521.4908786212179
katoomba,413.48242897218296
katoomba,1104.5301237523602
katoomba,675.8457607444938
katoomba,182.22576451429933
katoomba,989.7979518482335
katoomba,1029.016636571277
katoomba,862.6314312164461
katoomba,1167.0723707481864
katoomba,933.5254221776402
katoomba,1182.1952445715692
katoomba,554.4865376498142
katoomba,356.01269562163884
katoomba,208.56947870139496
katoomba,533.073928894435
katoomba,817.5288045963367
katoomba,187.3406472140088
katoomba,592.8663608639915
katoomba,563.4416829424254
katoomba,891.5723788612119
katoomba,395.37167283627014
katoomba,1431.0927218800405
katoomba,1263.4981027213296
katoomba,556.8224420753559
katoomba,1045.7732930636262
katoomba,1279.9199123914996
katoomba,633.5738749492847
katoomba,582.0110599743509
katoomba,1398.7910043595932
katoomba,780.3496334372547
katoomba,482.2748054116327
katoomba,553.7940298992362
katoomba,1160.0181140498441
katoomba,526.9118838028136
katoomba,866.4393947256262
katoomba,1351.0543050613048
katoomba,724.2169205724513
katoomba,1256.5889411717515
katoomba,778.0027047101407
katoomba,1097.9717671777007
katoomba,1391.8006504425975
katoomba,1392.8462989424636
katoomba,1288.4790429296222
katoomba,1292.9266957454251
katoomba,982.1482429757149
katoomba,153.28532947633897
katoomba,868.8826433035467
katoomba,777.3709442365642
katoomba,944.7080000895072
katoomba,388.93091812289765
katoomba,789.174478355237
katoomba,1164.6223150013327
katoomba,612.6649442241508
katoomba,1405.13711602694
katoomba,1428.2995254913926
katoomba,720.2517087485938
katoomba,1092.051955717865
katoomba,133.1736147099546
katoomba,260.383638655358
katoomba,939.0019961092634
katoomba,635.0681678881674
katoomba,937.2134754997792
katoomba,1263.5309615337487
katoomba,771.1624202019785
katoomba,559.1919955844444
katoomba,1003.8473090659305
katoomba,1054.1188696070826
katoomba,1429.3168496935937
katoomba,204.7163393103921
katoomba,168.0609581478941
katoomba,421.240642923461
katoomba,221.97821640073948
katoomba,221.90506414200226
katoomba,501.9548294980489
katoomba,567.3382357427536
katoomba,1346.571877108727
katoomba,308.04540208391336
katoomba,487.3398614733993
katoomba,1359.9404346290073
katoomba,1460.1901985504405
katoomba,1010.8729292828106
katoomba,1338.6352296997936
katoomba,984.058335124862
katoomba,516.4507719989297
katoomba,650.157135827245
katoomba,1192.9796792880325
katoomba,523.3133265059963
katoomba,651.0248899053225
katoomba,311.9661131990181
katoomba,1368.82836152981
katoomba,340.44515127212105
katoomba,430.0830082575272
katoomba,444.9997847963867
katoomba,550.62717113505
katoomba,173.33123521360977
katoomba,651.1998655006545
katoomba,347.70425262931747
katoomba,1282.4654342528606
katoomba,188.0750527809593
katoomba,1486.6821471171847
katoomba,886.9073092295992
katoomba,1314.4604113597447
katoomba,213.02013431380965
katoomba,759.5672273270483
katoomba,1147.1639810331512
katoomba,955.7430029580214
katoomba,898.553793471733
katoomba,292.68124842328257
katoomba,1496.228650075873
katoomba,1248.5329578080682
katoomba,485.94640867293595
katoomba,453.8601516183532
katoomba,1189.9147105254992
katoomba,154.78719159557767
katoomba,168.43473956091705
katoomba,1059.4790043973335
katoomba,176.29486507252616
katoomba,1100.4347145873053
katoomba,1434.055133398079
katoomba,345.63227367431557
katoomba,536.8342951367782
katoomba,1159.35574165867
katoomba,1185.7511816532303
katoomba,1362.1896692455075
katoomba,525.2015985374774
katoomba,1480.6947905923885
katoomba,659.6834832688273
katoomba,380.1941403953655
katoomba,834.8077935306775
katoomba,910.5506199035165
katoomba,459.01791258935395
katoomba,989.0576751916838
katoomba,1211.3626555430794
katoomba,943.406543847219
katoomba,633.3396703257313
katoomba,799.95169720604
katoomba,432.92871368499254
katoomba,215.50506098304172
katoomba,1081.9419891438686
katoomba,1051.334778428035
katoomba,526.4797604817289
katoomba,668.6662748847168
katoomba,614.951738357029
katoomba,1376.1459944197586
katoomba,864.2696939848317
katoomba,731.5732085441244
katoomba,176.5066652372094
katoomba,343.5840147423537
katoomba,1392.9518861336003
katoomba,931.6510089460778
katoomba,476.39890275186787
katoomba,1169.5948363524856
katoomba,235.3213444928531
katoomba,756.9292028990944
katoomba,1423.9309570618875
katoomba,359.34637927874917
katoomba,586.7052342570896
katoomba,1102.1383677420763
katoomba,260.76699732588213
katoomba,1084.919161696414
katoomba,449.1400157248658
katoomba,749.309504450003
katoomba,966.7638128235918
katoomba,100.23206928387405
katoomba,1335.6446242382317
katoomba,967.1838861270436
katoomba,1494.4890021025838
katoomba,973.9934547205896
katoomba,1474.0084260788312
katoomba,445.9106306312904
katoomba,1268.175639176537
katoomba,460.96421320015526
katoomba,308.6529762891423
katoomba,1455.007652361577
katoomba,464.6197482807362
katoomba,889.9954815314887
katoomba,1246.110854073279
katoomba,928.9536238333185
katoomba,1420.5798353486687
katoomba,701.3298585476545
katoomba,548.8765553509745
katoomba,184.66977802293337
katoomba,1081.337362503665
katoomba,544.8062053107269
katoomba,816.4340580272392
katoomba,1080.6456227085278
katoomba,1104.8825426315516
katoomba,486.95086043408486
katoomba,1389.2132225513258
katoomba,1034.615889425519
katoomba,1016.358748564818
katoomba,1429.7073326694774
katoomba,622.2920392466139
katoomba,847.2241690999072
katoomba,1296.0155209906357
katoomba,1053.7565786402179
katoomba,641.501344609906
katoomba,460.60042360857375
katoomba,413.7504666631552
katoomba,404.0266439965639
katoomba,1469.4140280508614
katoomba,1002.35810690976
katoomba,1175.5816170858066
katoomba,1419.8580001623434
katoomba,909.5663051414209
katoomba,190.1973112807134
katoomba,1426.4593169651203
katoomba,426.99562460063265
katoomba,404.898440824454
katoomba,500.88506288900834
katoomba,1490.5612998391111
katoomba,835.9115287804265
katoomba,159.59094961088562
katoomba,498.3624017806312
katoomba,232.78835278396951
katoomba,372.5970155175788
katoomba,795.0499686458016
katoomba,629.1231309979491
katoomba,645.87795574491
katoomba,727.943275185259
katoomba,429.31705896338366
katoomba,1330.5268558112696
katoomba,979.2449927913593
katoomba,917.654847470025
katoomba,946.3578762261573
katoomba,304.5001222650921
katoomba,1320.5576875612085
katoomba,1200.8602104771235
katoomba,905.4693934542261
katoomba,126.70082135375478
katoomba,894.7475134296101
katoomba,1355.985999110174
katoomba,1104.7468663385005
katoomba,1046.8040541683658
katoomba,415.3379393247708
katoomba,515.8584331790532
katoomba,554.004992393963
katoomba,1268.7013079883773
katoomba,1346.6998611861582
katoomba,116.14060750930939
katoomba,1345.726141222711
katoomba,951.7393427765468
katoomba,497.8778844802634
katoomba,697.7885584125382
katoomba,992.3112021920386
katoomba,1049.48532422554
katoomba,1094.847001540951
katoomba,288.9691201351434
katoomba,1411.8240178334293
katoomba,876.1199981279984
katoomba,1414.258684073271
katoomba,1365.6699127473419
katoomba,1149.8781082492853
katoomba,532.9750614793296
katoomba,803.2968705381911
katoomba,624.6007080135493
katoomba,433.1403045699523
katoomba,483.8954327370043
katoomba,636.907779234285
katoomba,1464.892940918203
katoomba,565.154105563349
katoomba,1450.7152363554237
katoomba,202.1085836673054
katoomba,413.2949645937533
katoomba,808.2945212761119
katoomba,1118.67231387837
katoomba,972.0211895145277
katoomba,320.40127845383984
katoomba,834.4827041953899
katoomba,1144.7260480102755
katoomba,492.62190410256414
katoomba,224.60364366057183
katoomba,353.66763562080655
katoomba,1409.9154574617596
katoomba,912.5559199867075
katoomba,905.5251528275207
katoomba,935.9470774067977
katoomba,910.0166019100201
katoomba,815.604787814038
katoomba,734.2748968486181
katoomba,264.6941196396641
katoomba,451.23956087197945
katoomba,211.75638949106036
katoomba,1355.6843704838905
katoomba,726.7577641443272
katoomba,1126.2155419923238
katoomba,937.5146223519004
katoomba,118.69291862663005
katoomba,573.1850916302321
katoomba,1157.2434493501476
katoomba,1248.970208553602
katoomba,1470.3597158195003
katoomba,364.924868063181
katoomba,1454.994584700479
katoomba,1402.337495549486
katoomba,1207.2942624217394
katoomba,889.1046166716505
katoomba,1342.8833524371646
katoomba,1144.2186937885679
katoomba,287.68749194736813
katoomba,1427.6493732214112
katoomba,1401.6900555384618
katoomba,921.3655688494573
katoomba,1073.1364038936902
katoomba,329.8402923996781
katoomba,494.6967465405808
katoomba,1273.9496728092186
katoomba,761.7719399683375
katoomba,1331.1394203137522
katoomba,1456.8951620519906
katoomba,787.5330253492386
katoomba,1447.1097646185283
katoomba,282.1810662715253
katoomba,1299.5720532962266
katoomba,521.2419815935905
katoomba,785.0568283708927
katoomba,331.1745075174383
katoomba,1068.5046227269959
katoomba,1316.2262581413484
katoomba,484.8613591482796
katoomba,756.5823626971726
katoomba,1386.4198479329
katoomba,223.81538723257336
katoomba,308.3460168047584
katoomba,336.657425089439
katoomba,570.8291323332496
katoomba,118.16851208493877
katoomba,1180.9277157751915
katoomba,1267.2812286676594
katoomba,1202.2763772693502
katoomba,375.5316792153464
katoomba,313.20200339893375
katoomba,1025.4763670163052
katoomba,1214.4563788459282
katoomba,631.7477626742563
katoomba,1442.1479221357388
katoomba,417.7930596964662
katoomba,745.0989014281171
katoomba,1070.4119033639213
katoomba,860.2735892030421
katoomba,783.6504508280265
katoomba,908.1577587503929
katoomba,1351.8164244911864
katoomba,916.4102616139843
katoomba,1449.5575023347283
katoomba,762.866119999045
katoomba,630.5903769867933
katoomba,880.8020021155116
katoomba,1285.6070112042091
katoomba,133.70060002565572
katoomba,1242.9624273741672
katoomba,234.40613344906106
katoomba,375.53066951300104
katoomba,470.5876025340014
katoomba,653.8005753192092
katoomba,851.1128439812352
katoomba,714.1323057397251
katoomba,1076.1173786289237
katoomba,471.645724768061
katoomba,620.718002477791
katoomba,589.7725275619105
katoomba,148.16662387805525
katoomba,501.7900697606689
katoomba,654.2590862284934
katoomba,1445.8954722441965
katoomba,1471.8307063603881
katoomba,365.7760372097636
katoomba,377.1542304981265
katoomba,325.3957511684382
katoomba,751.6413580784092
katoomba,436.9723658336946
katoomba,642.0108089265646
katoomba,681.320690983268
katoomba,1355.2481401385414
katoomba,584.7760407270496
katoomba,1459.5063156335766
katoomba,379.49347566856
katoomba,237.12142617938463
katoomba,335.76273198205774
katoomba,794.0677962809577
katoomba,293.5469340875247
katoomba,1113.0615407170915
katoomba,1167.9450831812535
katoomba,261.7304096640206
katoomba,566.953424213629
katoomba,1398.9613763440339
katoomba,572.5569775683873
katoomba,939.5952198760078
katoomba,135.32542168187203
katoomba,363.3775817513476
katoomba,416.62094404473737
katoomba,463.52874738667026
katoomba,462.0533882554076
katoomba,486.54018744905653
katoomba,176.65595899046525
katoomba,652.3312505476636
katoomba,916.2531766923655
katoomba,329.12093768924376
katoomba,223.5050150255682
katoomba,625.3542637041353
katoomba,377.52083428583654
katoomba,155.8572418968296
katoomba,1327.3197495057311
katoomba,1185.6589833980634
katoomba,1006.4593611980752
katoomba,1080.1219751890403
katoomba,1130.0696502021315
katoomba,845.5410413121716
katoomba,866.5222557328018
katoomba,224.7418922721054
katoomba,910.8594817875309
katoomba,1410.050344043714
katoomba,845.5375045458271
katoomba,1424.09957603221
katoomba,1360.4283974809528
katoomba,1263.838039440346
katoomba,1153.5863009147934
katoomba,511.01894335880985
katoomba,530.5429245741432
katoomba,311.2754046641692
katoomba,465.4548820570704
katoomba,850.6204137628525
katoomba,329.9120228059319
katoomba,1351.071914801772
katoomba,968.7818501931366
katoomba,812.7906698511031
katoomba,398.3293096284843
katoomba,543.514038503087
katoomba,459.03797467323
katoomba,557.0031162383659
katoomba,1040.690746348771
katoomba,1393.5066392369733
katoomba,163.6622070258696
katoomba,1215.9010174136372
katoomba,241.92191669547068
katoomba,574.9989976578099
katoomba,1281.103618236913
katoomba,415.06190834839055
katoomba,553.812659935154
katoomba,1001.0505345501252
katoomba,1319.7560070128538
katoomba,1329.04213301183
katoomba,298.92296474372904
katoomba,906.01096426376
katoomba,689.9206627562538
katoomba,1191.6069700109272
katoomba,683.0764451126287
katoomba,181.59912577016965
katoomba,446.774403402985
katoomba,836.9300947772776
katoomba,694.7881736697004
katoomba,992.1020142918978
katoomba,972.1184507147955
katoomba,209.63717300886276
katoomba,549.2324817605416
katoomba,1303.2848304029733
katoomba,1473.0996533887433
katoomba,953.9415545366669
katoomba,1469.4726295352195
katoomba,587.2148671511593
katoomba,1196.1251837874506
katoomba,966.463414208015
katoomba,1091.728412077758
katoomba,470.06951329252007
katoomba,531.1801938615886
katoomba,244.57937550170212
katoomba,873.5061743541039
katoomba,1216.1750557977641
katoomba,190.32570232177457
katoomba,327.4855462745438
katoomba,1058.9039407548094
katoomba,880.2893423692474
katoomba,267.1711820251086
katoomba,428.5693653701272
katoomba,548.9334337905923
katoomba,1101.2678064126956
katoomba,546.7742902661121
katoomba,1285.1171543319201
katoomba,465.7912611372362
katoomba,1404.0442592391462
katoomba,200.11618022133956
katoomba,853.7371202078152
katoomba,1073.2937607475676
katoomba,1207.2067179380253
katoomba,1090.187395099651
katoomba,1342.1108443422472
katoomba,598.8998625810386
katoomba,450.8450788648558
katoomba,1412.479547771318
katoomba,626.8638747598787
katoomba,1270.100554800123
katoomba,837.4735050432819
katoomba,967.1544373162058
katoomba,438.3564290064288
katoomba,1251.820034561997
katoomba,556.8053673598615
katoomba,409.60808412645264
katoomba,948.1968418157645
katoomba,671.5377244348831
katoomba,937.2852630249005
katoomba,529.9361426845747
katoomba,813.8987253084571
katoomba,314.0448602174605
katoomba,277.43340027397807
katoomba,485.5004189750257
katoomba,1029.1948414991432
katoomba,902.7552092568152
katoomba,1116.2122957141564
katoomba,115.07069594305936
katoomba,1312.6878282439968
katoomba,1441.7621791611775
katoomba,488.4288658269449
katoomba,511.71833696580416
katoomba,1079.9600197460782
katoomba,1406.727504930035
katoomba,1184.4685112310492
katoomba,739.0492435323226
katoomba,1352.1977404091683
katoomba,411.54282949969047
katoomba,1433.2766138670206
katoomba,1329.4337782026269
katoomba,110.9376062039979
katoomba,1282.4177405879163
katoomba,145.50560576456712
katoomba,950.4730098390127
katoomba,724.1503118474985
katoomba,903.4748506765977
katoomba,1375.3588519481311
katoomba,1052.8884026951114
katoomba,612.8768833904641
katoomba,741.3466042357311
katoomba,1495.3515339507692
katoomba,999.750032117714
katoomba,1214.6875170336893
katoomba,472.0884272271147
katoomba,712.3517866493374
katoomba,401.1043983766793
katoomba,1386.3625327055006
katoomba,1437.9743742246405
katoomba,503.3734037787298
katoomba,472.4231910046356
katoomba,856.711081205604
katoomba,637.6473983874045
katoomba,1002.1740955323856
katoomba,1150.662128831379
katoomba,135.65824312882245
katoomba,652.5417038080611
katoomba,635.9761506343932
katoomba,477.4542208542662
katoomba,688.4199683545679
katoomba,521.252260603896
katoomba,101.72466844206684
katoomba,222.61641082601648
katoomba,1453.0286014284382
katoomba,1431.7389365898023
katoomba,137.33126015054611
katoomba,1263.1262252211225
katoomba,723.9061516198278
katoomba,1081.3884494946642
katoomba,561.5079799204134
katoomba,1419.0363174466625
katoomba,499.2818336983419
katoomba,760.6725704249026
katoomba,485.3795173914719
katoomba,622.0359573893106
katoomba,1280.2759037814812
katoomba,1286.0946011538906
katoomba,1238.7944731997766
katoomba,337.90470365518485
katoomba,1401.076629350394
katoomba,1086.4306668541556
katoomba,531.1693626944038
katoomba,950.1952372082937
katoomba,1162.0309010473575
katoomba,1464.1575892203807
katoomba,668.790384511783
katoomba,1020.3499631403605
katoomba,751.4490298538001
katoomba,1372.4511202909343
katoomba,1081.908698935356
katoomba,1243.2380480882268
katoomba,696.1246597454003
katoomba,1329.5957521107453
katoomba,1273.1774956018319
katoomba,591.2784478949429
katoomba,114.93021551666702
katoomba,842.0294260773763
katoomba,1199.5991247460777
katoomba,867.4210451252604
katoomba,761.1060383364858
katoomba,732.9849442146083
katoomba,1062.5549305233544
katoomba,454.80752898555187
katoomba,177.61590586915509
katoomba,990.0518607812437
katoomba,660.4032283492566
katoomba,604.4495798954416
katoomba,466.73755955619947
katoomba,177.27370040306
katoomba,475.06319232530007
katoomba,559.0800638542466
katoomba,368.9492486527103
katoomba,1316.4041878378014
katoomba,218.65384713345225
katoomba,1445.8585263315135
katoomba,923.3351574532529
katoomba,1131.104739568536
katoomba,271.378885209808
katoomba,918.4664692566312
katoomba,804.3083322278928
katoomba,425.6949713914812
katoomba,643.7529081606053
katoomba,260.0338314563679
katoomba,1119.8368559859057
katoomba,981.6639145218121
katoomba,747.0614132618048
katoomba,373.9697878993618
katoomba,1279.7444885771633
katoomba,778.653518012392
katoomba,503.5195708228056
katoomba,1043.3906519156212
katoomba,664.5964656267819
katoomba,1481.5876876179145
katoomba,731.5808997467504
katoomba,153.76396597931878
katoomba,588.6886352969848
katoomba,1307.2823932139681
katoomba,849.8781221888597
katoomba,187.49754452000764
katoomba,487.00893490824285
katoomba,1147.685069796063
katoomba,1260.4615387021593
katoomba,646.4228473662423
katoomba,103.00722163731955
katoomba,987.3584614930245
katoomba,839.2416208490265
katoomba,1429.63894214442
katoomba,313.785990331499
katoomba,224.05788976859773
katoomba,437.01132378268136
katoomba,425.3926803520422
katoomba,1493.216851977548
katoomba,233.87604192114998
katoomba,131.25243508649854
katoomba,716.8082718801279
katoomba,1051.5317449356517
katoomba,971.7120945089526
katoomba,612.0365431937187
katoomba,165.0420013860011
katoomba,862.0735479544086
katoomba,522.333966230774
katoomba,863.3419479373541
katoomba,834.1182190958793
katoomba,186.9287783791603
katoomba,832.680317652161
katoomba,570.2739155584097
katoomba,231.47113652788596
katoomba,495.9826097719243
katoomba,1205.6136047182963
katoomba,758.0820294504505
katoomba,123.76705513997396
katoomba,756.1073721399544
katoomba,346.4994021493262
katoomba,1317.3852878547332
katoomba,361.13366233064687
katoomba,895.4250210725119
katoomba,909.9338376949917
katoomba,247.3480503403188
katoomba,1275.6606751133424
katoomba,416.64241323119387
katoomba,123.86463282617078
katoomba,1073.5198453649637
katoomba,921.4530105128895
katoomba,492.1220059528045
katoomba,619.0143894098413
katoomba,1393.688459449139
katoomba,1163.1500675668847
katoomba,287.7588986591716
katoomba,1274.4672395322186
katoomba,697.9062629291678
katoomba,1210.285789640527
katoomba,538.8306189000102
katoomba,190.60094108788255
katoomba,482.7683774599817
katoomba,1453.0579721878464
katoomba,979.9629891216953
katoomba,1003.6716058372458
katoomba,102.69881675626642
katoomba,457.053028053218
katoomba,1295.8564303985704
katoomba,936.2660914408879
katoomba,1414.6170617343591
katoomba,571.8401976066139
katoomba,675.0348518186773
katoomba,560.7562875741135
katoomba,550.9015734700333
katoomba,1191.6716385924099
katoomba,206.87251227613064
katoomba,490.985025068565
katoomba,936.4943520125482
katoomba,328.6606349406893
katoomba,217.99159575183316
katoomba,1031.250656480584
katoomba,980.2838126483648
katoomba,1370.5127260656714
katoomba,118.01048332737571
katoomba,800.9638628891335
katoomba,466.24448917450366
katoomba,603.4332901730779
katoomba,663.6194572355686
katoomba,1478.7730169920405
katoomba,1211.7230663820822
katoomba,495.6811717031497
katoomba,786.9229699522566
katoomba,677.8710975373699
katoomba,511.53221187618783
katoomba,1148.8885847545546
katoomba,1371.6334180481945
katoomba,663.7683387332527
katoomba,561.0838890705347
katoomba,795.1598549672752
katoomba,1179.4360947781834
katoomba,869.700029297287
katoomba,776.9044230443344
katoomba,1269.787971688327
katoomba,514.6223859128916
katoomba,1119.7729279148703
katoomba,792.7984188451267
katoomba,737.2194524696148
katoomba,980.4262244443332
katoomba,1149.758557882573
katoomba,315.8153243670479
katoomba,545.8582013302232
katoomba,822.0204157174551
katoomba,1406.7218513393043
katoomba,600.4201629457859
katoomba,1028.5761411168914
katoomba,820.582394316688
katoomba,1155.4148629197443
katoomba,1239.6390917279944
katoomba,606.0929436846591
katoomba,1048.7848531939196
katoomba,1195.125841779709
katoomba,1001.6958177982948
katoomba,1000.1938741530615
katoomba,828.7383298195517
katoomba,184.46240190881474
katoomba,1088.450785280316
katoomba,637.9712516761793
katoomba,394.9914805772994
katoomba,708.7959388086989
katoomba,172.3197510688205
katoomba,1479.3162619876864
katoomba,164.5219944990702
katoomba,109.46163548537528
katoomba,228.02148661717177
katoomba,413.9947402271421
katoomba,128.77989067370865
katoomba,461.3791579000437
katoomba,1370.194875882578
katoomba,684.7277246532301
katoomba,390.1338910471315
katoomba,594.6577536950715
katoomba,546.3624457167953
katoomba,1409.6637827402562
katoomba,1304.2035696972628
katoomba,1134.7768836527216
katoomba,944.5753907700738
katoomba,1329.2826301253006
katoomba,1036.8935451581167
katoomba,874.0143926865398
katoomba,694.5913078389547
katoomba,402.29622546720145
katoomba,726.7620664549731
katoomba,502.64538426135397
katoomba,352.56046449248515
katoomba,1116.8806452017734
katoomba,1035.7176395559231
katoomba,1106.9100575887846
katoomba,1118.6325824630185
katoomba,1179.5230288147825
katoomba,1323.4338170596093
katoomba,1027.308382320831
katoomba,761.9856692717858
katoomba,686.5407840590399
katoomba,289.24518916627534
katoomba,855.1529939455774
katoomba,908.6574735951443
katoomba,1390.7630365151495
katoomba,562.3389022282406
katoomba,507.97194302193265
katoomba,1019.4856403522915
katoomba,861.6013020264936
katoomba,1010.321501601015
katoomba,205.5229560705912
katoomba,402.3107276455898
katoomba,424.3924740166847
katoomba,1116.839236248239
katoomba,587.4425090304667
katoomba,1276.0235747335184
katoomba,590.1494786457308
katoomba,229.7743532473844
katoomba,889.1594825248419
katoomba,386.84032528594923
katoomba,672.8566586083526
katoomba,194.818117496632
katoomba,126.51331573375248
katoomba,1262.0504656181233
katoomba,1383.7358928183983
katoomba,1026.0851298022776
katoomba,1106.3989131962899
katoomba,679.6627622763519
katoomba,704.6033845972654
katoomba,1418.4828843338792
katoomba,679.8733297502646
katoomba,1340.4155053481456
katoomba,541.770226636173
katoomba,1362.6465425290698
katoomba,992.899385881053
katoomba,331.80044003963803
katoomba,727.2238057738585
katoomba,511.89477177650934
katoomba,673.972416453307
katoomba,424.91623638522265
katoomba,643.7246076134743
katoomba,820.9842269838502
katoomba,984.4787840214957
katoomba,847.6355109806973
katoomba,532.1355935380868
katoomba,939.2739491896085
katoomba,785.1997646897595
katoomba,986.6292721356657
katoomba,1147.6240076004042
katoomba,397.32305056140746
katoomba,1108.529187132844
katoomba,770.9416956207164
katoomba,516.2797893943016
katoomba,1287.3303602583783
katoomba,154.08342553208536
katoomba,155.92639339503341
katoomba,1156.4574426194301
katoomba,1317.747394761549
katoomba,188.4467485798267
katoomba,346.75814040016473
katoomba,677.9922739496523
katoomba,1066.5572897051734
katoomba,801.9254149517944
katoomba,755.4530806113214
katoomba,1357.159720550346
katoomba,401.4990325385631
katoomba,1412.1564177331816
katoomba,154.80052087120168
katoomba,544.0439392046936
katoomba,774.5368521825699
katoomba,208.6299744901089
katoomba,1237.2245401690977
katoomba,778.2135680315564
katoomba,1102.0559327927067
katoomba,745.0147034823481
katoomba,643.1945921188136
katoomba,1370.010151554307
katoomba,589.9919788429677
katoomba,467.7466629075447
katoomba,1190.4600517479691
katoomba,782.8927281868979
katoomba,456.59881456626425
katoomba,119.85168809040016
katoomba,258.75773699428595
katoomba,979.8088984478754
katoomba,243.60950982472488
katoomba,969.9611052473088
katoomba,301.1517681023645
katoomba,252.68728047196555
katoomba,318.889742912999
katoomba,532.2490474500762
katoomba,580.1546765849055
katoomba,473.7311018402574
katoomba,570.3124237099358
katoomba,1120.129232917478
katoomba,329.17700561651327
katoomba,328.425409047769
katoomba,1115.357051530952
katoomba,832.2729723168665
katoomba,578.0912061401236
katoomba,239.61264411265975
katoomba,1199.9342116419236
katoomba,610.1358036356337
katoomba,1008.9513592361868
katoomba,158.33773996399884
katoomba,155.88930800709826
katoomba,623.6836010325186
katoomba,627.4460920724456
katoomba,348.83331783601363
katoomba,1291.7200769156066
katoomba,851.9193136289465
katoomba,530.530357073587
katoomba,491.7379831472929
katoomba,173.1559028396133
katoomba,259.0947390157165
katoomba,1029.0464471905493
katoomba,1185.6029663686645
katoomba,480.29780813429676
katoomba,1014.1426883265834
katoomba,645.4145530109698
katoomba,834.1071438126959
katoomba,317.5185383271463
katoomba,1111.5828965038834
katoomba,481.69291668683667
katoomba,264.898036229662
katoomba,348.34505482553686
katoomba,1159.8930308486679
katoomba,1259.2154983358241
katoomba,164.68260419604638
katoomba,158.26602332563812
katoomba,567.826751963234
katoomba,659.5064517833258
katoomba,741.060228928059
katoomba,845.0051476243623
katoomba,1006.5290987279074
katoomba,998.0745595032904
katoomba,801.9230100113854
katoomba,258.77475520851783
katoomba,734.8811823947609
katoomba,674.310768835192
katoomba,1016.0822678261328
katoomba,1296.1937033181814
katoomba,1341.2272886275853
katoomba,488.29373509279833
katoomba,1081.9996456904557
katoomba,534.9544888995006
katoomba,946.5998301696416
katoomba,1200.5292496080801
katoomba,635.1051864857159
katoomba,327.79763721178426
katoomba,663.6862749540339
katoomba,726.6085843739392
katoomba,891.9600966925497
katoomba,859.1980708753363
katoomba,517.0108377328268
katoomba,1318.361605706935
katoomba,449.27079240708576
katoomba,1261.956599475281
katoomba,641.8025419882039
katoomba,413.6097330430288
katoomba,111.8460370628257
katoomba,439.2827855343497
katoomba,171.51057357414277
katoomba,655.5194271968335
katoomba,112.22300073187539
katoomba,692.7782349640748
katoomba,239.51469732819092
katoomba,140.3302284570845
katoomba,1206.8772322309496
katoomba,388.70238654527014
katoomba,1266.5346890759915
katoomba,364.8042704420478
katoomba,1214.866528527116
katoomba,383.9308392761164
katoomba,1486.2867959766725
katoomba,995.8029301701248
katoomba,1267.9143431841314
katoomba,234.5475914148678
katoomba,1389.1278294222197
katoomba,1184.74068208315
katoomba,958.5695519402831
katoomba,1462.1702023578289
katoomba,806.1189474521487
katoomba,526.2645361015138
katoomba,172.80831886437738
katoomba,1473.8303862540904
katoomba,920.1602063785839
katoomba,123.0887919071416
katoomba,732.8146598321802
katoomba,1101.2948795327134
katoomba,740.9388336944206
katoomba,1060.325876609601
katoomba,1326.1723102525154
katoomba,833.1495600309281
katoomba,1342.3885782159555
katoomba,1134.8888716506615
katoomba,280.01148723036647
katoomba,1462.7160365752143
katoomba,1027.742445799416
katoomba,794.5750349711624
katoomba,482.21724928440074
katoomba,1447.9308969003403
katoomba,1486.0659972071326
katoomba,1344.0231511724833
katoomba,745.5066014674607
katoomba,916.7602627540668
katoomba,1018.2106681068608
katoomba,574.8054708603557
katoomba,398.6513160240378
katoomba,601.0613433547398
katoomba,1457.790565012596
katoomba,607.449907510873
katoomba,223.25672556360604
katoomba,825.7850654278269
katoomba,446.9927548822847
katoomba,1340.8330501691057
katoomba,565.8812063134258
katoomba,911.2342037613469
katoomba,668.4977170941175
katoomba,934.2145903248816
katoomba,501.3171333269561
katoomba,1321.846436608026
katoomba,1323.812793617731
katoomba,1422.6506786384907
katoomba,570.3625772414116
katoomba,1108.0077432764342
katoomba,1401.1517813095136
katoomba,401.9036233066508
katoomba,914.1783147501234
katoomba,668.1036104556463
katoomba,930.5122043474762
katoomba,191.2748434700286
katoomba,475.7766141460464
katoomba,383.81086943429983
katoomba,545.1723753977452
katoomba,850.3683176339129
katoomba,1284.6553129704216
katoomba,486.63019184323684
katoomba,988.5553254064057
katoomba,957.8612791008852
katoomba,1492.4383377395397
katoomba,728.1582135005777
katoomba,1143.279932066091
katoomba,1458.6545877290791
katoomba,316.9600500600111
katoomba,420.86880057032886
katoomba,192.28196237319747
katoomba,1240.8731683761746
katoomba,1279.728911771852
katoomba,489.5005460337099
katoomba,668.007493331042
katoomba,1278.1579658972673
katoomba,897.4896811235384
katoomba,1269.2035175804945
katoomba,860.0612149706534
katoomba,515.3449034343926
katoomba,785.3186672165673
katoomba,127.31471076902416
katoomba,1013.0695805750064
katoomba,520.9927525701119
katoomba,183.9255208721783
katoomba,134.14957276836975
katoomba,1486.674826579624
katoomba,122.43175860220569
katoomba,1104.4779362932263
katoomba,1031.2195987931186
katoomba,1430.6246457899517
katoomba,267.5777253601465
katoomba,1048.4682085358386
katoomba,988.1381500280974
katoomba,332.248230778873
katoomba,307.81669767153505
katoomba,1134.255296947713
katoomba,1065.7410525869836
katoomba,429.9933368121162
katoomba,746.6841819767972
katoomba,1151.7777488606448
katoomba,1257.1447748656838
katoomba,1319.0749908805649
katoomba,1491.8585240567645
katoomba,470.179122176818
katoomba,367.0227372006097
katoomba,165.5612812572082
katoomba,1005.6755802438292
katoomba,872.553099799004
katoomba,1058.2610346276429
katoomba,1132.0112072677027
katoomba,419.02253323535876
katoomba,479.96773657987575
katoomba,215.3111371977766
katoomba,896.9039024443047
katoomba,311.53997271188143
katoomba,1015.8007693263113
katoomba,1272.63675759622
katoomba,618.2172294989318
katoomba,1361.0068874637948
katoomba,189.09567810685832
katoomba,571.1558022611932
katoomba,814.9646386384836
katoomba,1432.0252756870977
katoomba,849.0009621217565
katoomba,1161.1307933964035
katoomba,183.25124796060192
katoomba,1400.1305627917936
katoomba,340.598041602295
katoomba,775.9254077594962
katoomba,1239.628036962788
katoomba,1158.6065297312732
katoomba,1032.5774867320738
katoomba,643.6610422402165
katoomba,1468.6238325266254
katoomba,462.06736751318766
katoomba,433.5080241155421
katoomba,1305.6628162498248
katoomba,1448.9439169291163
katoomba,526.3324161876669
katoomba,1196.7052712652464
katoomba,151.72846199571183
katoomba,1274.778524661779
katoomba,646.2428539056998
katoomba,715.5665028925181
katoomba,527.3928932310533
katoomba,1217.0449743139932
katoomba,169.03716205362525
katoomba,444.81052960136793
katoomba,779.8996061027254
katoomba,778.5848062129431
katoomba,819.2841013075389
katoomba,281.5326469556827
katoomba,391.03903911243515
katoomba,1291.5442771248622
katoomba,526.5972949425304
katoomba,1356.4520495704292
katoomba,1148.6788499772263
katoomba,497.1434294596766
katoomba,468.8266624633662
katoomba,1103.7433229474982
katoomba,1119.2200438389777
katoomba,571.5045184460045
katoomba,1178.6398877347308
katoomba,1450.930783333364
katoomba,341.5018557741531
katoomba,400.4182313404209
katoomba,1195.1353317264939
katoomba,1132.5963003696659
katoomba,834.0661440226914
katoomba,729.917364330051
katoomba,1370.5859098499816
katoomba,933.8655329231208
katoomba,1481.3352949949285
katoomba,1051.115407622372
katoomba,756.412319707944
katoomba,799.0829101345029
katoomba,604.7865667971494
katoomba,986.3572848613219
katoomba,1415.4135985202852
katoomba,1329.3510802922317
katoomba,1382.7172916716893
katoomba,1123.9326632884054
katoomba,171.16482426804828
katoomba,502.48425387153554
katoomba,1460.938547288835
katoomba,1068.7876537047268
katoomba,1099.9613399513323
katoomba,828.264477250513
katoomba,486.2696605769369
katoomba,579.6411573978208
katoomba,271.17404846612556
katoomba,1483.9564915947603
katoomba,253.40752997446353
katoomba,1022.815374852648
katoomba,1355.7836156112774
katoomba,320.1402702984748
katoomba,336.78788102257255
katoomba,594.5023422507934
katoomba,159.1205032526203
katoomba,481.4820013714245
katoomba,1235.0359610563648
katoomba,1245.975903027995
katoomba,116.9227744852006
katoomba,1243.5146857432037
katoomba,125.42650116033855
katoomba,994.0547444833832
katoomba,1363.0422687684777
katoomba,1257.5240648416166
katoomba,444.2585023914782
katoomba,406.4650107030826
katoomba,478.7371086903597
katoomba,1470.419186955449
katoomba,1168.6652951415304
katoomba,435.1893942772006
katoomba,732.0208729789853
katoomba,847.1149210007519
katoomba,1013.7176063295746
katoomba,1450.5517458069687
katoomba,1331.1010291882308
katoomba,643.6577647063947
katoomba,498.2471063818268
katoomba,1106.4423243237568
katoomba,1198.835779324346
katoomba,242.53556037062455
katoomba,951.4435814252596
katoomba,1258.3058121627691
katoomba,1410.443613195905
katoomba,550.1294956483122
katoomba,303.8351730434034
katoomba,1416.2116883726974
katoomba,270.54829436780017
katoomba,1462.1510013830507
katoomba,384.21220710082594
katoomba,609.3649111470027
katoomba,1009.6211589033256
katoomba,1242.4254313393149
katoomba,1490.9917979126053
katoomba,543.6876927317791
katoomba,711.8657625281755
katoomba,164.58923704691392
katoomba,171.91508748322602
katoomba,703.0869072710155
katoomba,1315.114824524959
katoomba,589.5152217866972
katoomba,590.6781672434948
katoomba,578.2827306246547
katoomba,1037.242914061507
katoomba,1364.1412295888283
katoomba,1307.2498684520726
katoomba,965.415723251315
katoomba,569.9713171479707
katoomba,990.5171126370456
katoomba,506.0613095422843
katoomba,202.4444130388233
katoomba,834.4585392822654
katoomba,1288.923312362354
katoomba,749.1750640163631
katoomba,1056.4127083069275
katoomba,776.8935638104973
katoomba,991.5069312795948
katoomba,479.9281653860185
katoomba,432.20466447596004
katoomba,536.4091548166268
katoomba,1393.661608442635
katoomba,277.9992089152197
katoomba,1308.5293223481901
katoomba,386.271967812582
katoomba,782.8378357370199
katoomba,807.572267397838
katoomba,1481.4060631654684
katoomba,1315.5409596640527
katoomba,215.5662462536663
katoomba,922.7607428208693
katoomba,797.1226631914634
katoomba,671.8069519086005
katoomba,907.2759953465468
katoomba,1248.1668528759667
katoomba,170.03071509572902
katoomba,1151.6973064845433
katoomba,219.89015631570246
katoomba,1412.6263871879019
katoomba,823.4389090186318
katoomba,914.2430126172219
katoomba,261.1064228309274
katoomba,281.12769545523037
katoomba,283.6980382137806
katoomba,1337.1631391499811
katoomba,1237.992988472345
katoomba,520.6465405188873
katoomba,1421.5123138602046
katoomba,1103.7129176501098
katoomba,952.5499537522529
katoomba,321.24676427240297
katoomba,1353.5190728489615
katoomba,393.7693379833563
katoomba,1023.3997420009771
katoomba,1077.561756691426
katoomba,797.3106298512838
katoomba,679.9062388428691
katoomba,1454.4424781888035
katoomba,1214.0293333255884
katoomba,655.64277222234
katoomba,1273.8175167752322
katoomba,1135.0012039225408
katoomba,1350.1029236581396
katoomba,817.7559370242557
katoomba,1256.2349832129478
katoomba,177.3581181995521
katoomba,1041.8238481263147
katoomba,644.3923494066274
katoomba,1154.569682686876
katoomba,792.154068976956
katoomba,843.6058006251739
katoomba,1273.4024130407686
katoomba,214.71956579172908
katoomba,600.7589426398024
katoomba,1360.9907749900772
katoomba,453.27168475462634
katoomba,1475.5695533792582
katoomba,470.6149573160965
katoomba,878.4050756627303
katoomba,513.6699702613366
katoomba,157.49195057098305
katoomba,402.86105877826463
katoomba,1335.2714635042826
katoomba,356.6477402473749
katoomba,1465.3672531297595
katoomba,395.07023719450035
katoomba,959.5344056813295
katoomba,1341.1542153536868
katoomba,459.5811010532841
katoomba,347.12781313245506
katoomba,810.9029965811752
katoomba,1379.7100333996916
katoomba,588.9270957658679
katoomba,1410.2223763545135
katoomba,147.1250216315839
katoomba,345.01160025151836
katoomba,372.0955899945944
katoomba,208.96445643280683
katoomba,731.6555751287351
katoomba,309.89598492486994
katoomba,400.94511971791684
katoomba,686.0017659769666
katoomba,1333.9329916363429
katoomba,755.9189267159562
katoomba,249.4378218044428
katoomba,1419.6845840072658
katoomba,637.4133509603943
katoomba,475.4765192769816
katoomba,321.00685758720124
katoomba,420.2533763111832
katoomba,957.5355870697424
katoomba,729.9067355626777
katoomba,771.6839788114493
katoomba,229.69674177133743
katoomba,676.0780946376339
katoomba,1080.1336435389976
katoomba,243.40324043420924
katoomba,1347.876893975284
katoomba,1087.92772065333
katoomba,145.6771881332468
katoomba,984.1891782420987
katoomba,153.63914471482775
katoomba,1313.7765174785684
katoomba,999.1917041516059
katoomba,948.7948518592887
katoomba,1015.8879039210275
katoomba,1267.0520536058789
katoomba,509.5296474526117
katoomba,918.3205356898519
katoomba,1021.5793623807947
katoomba,977.70098139512
katoomba,293.29058743719474
katoomba,1076.6574550592193
katoomba,448.35532764155596
katoomba,419.56496714080555
katoomba,578.1621795282697
katoomba,391.573250120149
katoomba,879.2440260878406
katoomba,1018.0883287557295
katoomba,1421.4825540582447
katoomba,947.718026140097
katoomba,221.61036650866924
katoomba,547.2167358740735
katoomba,1482.1354094203405
katoomba,946.0202056011486
katoomba,655.0834639339143
katoomba,945.6275139187014
katoomba,1463.2397410518427
katoomba,1237.809884298341
katoomba,1223.508579092042
katoomba,1002.1661413414155
katoomba,986.0660665796943
katoomba,983.040751823928
katoomba,123.46522252922813
katoomba,1311.365764308672
katoomba,1409.163842752213
katoomba,807.6333059565872
katoomba,1339.8740775602325
katoomba,822.8857269664795
katoomba,1330.7683230864577
katoomba,863.9474305598607
katoomba,1050.5250550155922
katoomba,1206.3197272337757
katoomba,329.1001964577132
katoomba,1364.8282598053886
katoomba,773.5938483161375
katoomba,663.1092562322775
katoomba,1441.9970347907818
katoomba,300.0968159764202
katoomba,958.6470364605939
katoomba,671.0664477004111
katoomba,1409.7023663178413
katoomba,1215.5867227928243
katoomba,1231.5544822049787
katoomba,123.74532215846304
katoomba,1059.9906113803336
katoomba,1137.3826989231927
katoomba,610.6794146031392
katoomba,250.2361030360418
katoomba,1024.1409171780842
katoomba,1370.4630018331673
katoomba,942.4240180357153
katoomba,210.75835302883104
katoomba,887.7454766901486
katoomba,540.092219689328
katoomba,643.3329486007376
katoomba,439.8802468158102
katoomba,505.8004420961441
katoomba,112.5983796579785
katoomba,124.12541146776854
katoomba,1316.9864850043884
katoomba,1269.2753284859973
katoomba,895.4991196530916
katoomba,1133.035586411199
katoomba,1221.2933136023441
katoomba,1114.9548586716069
katoomba,1341.5355027288856
katoomba,130.69571606410938
katoomba,1247.7864888152242
katoomba,1007.1194100038757
katoomba,878.2024126112664
katoomba,504.4292474752156
katoomba,1318.5137052076677
katoomba,826.1528460999676
katoomba,316.50570562504
katoomba,1007.7906062851615
katoomba,119.81332700681884
katoomba,611.7954677947066
katoomba,998.7990749119442
katoomba,156.7794480773626
katoomba,778.4206146689479
katoomba,804.0057159332259
katoomba,494.391839287734
katoomba,1066.0643994890424
katoomba,612.197589336107
katoomba,297.30097216828733
katoomba,380.6669484796777
katoomba,1216.7553557374758
katoomba,1458.100575634556
katoomba,1493.1854960813057
katoomba,1497.2512564609347
katoomba,746.585009393417
katoomba,1360.1895058613463
katoomba,1117.121405373135
katoomba,601.410099014261
katoomba,1437.772360515626
katoomba,753.4261741306777
katoomba,514.1529945706156
katoomba,918.5890965812396
katoomba,1306.8498589270234
katoomba,644.0625268720486
katoomba,799.9636734791274
katoomba,881.908451039324
katoomba,1293.4032192446177
katoomba,1381.218467907115
katoomba,1256.8987897842596
katoomba,1084.764774111931
katoomba,419.89964892321166
katoomba,1011.7246119055992
katoomba,1119.0486251307084
katoomba,152.03440646708265
katoomba,108.98377913381741
katoomba,488.2635792717359
katoomba,367.7643685376353
katoomba,1342.7193446078236
katoomba,936.977812135868
katoomba,1155.355658573746
katoomba,892.4072437027692
katoomba,775.9214845522325
katoomba,128.96397130370477
katoomba,709.8704523514175
katoomba,383.7640210021271
katoomba,1219.0809185514247
katoomba,1333.0186009686508
katoomba,1150.0847811289168
katoomba,984.4760639984356
katoomba,664.9406318991983
katoomba,829.8648828287331
katoomba,122.67996610457483
katoomba,1440.4305869534048
katoomba,656.492517727889
katoomba,903.1124305678181
katoomba,529.4425589354498
katoomba,529.8071332986824
katoomba,371.6075570092979
katoomba,747.0510821624072
katoomba,518.2029340136713
katoomba,1484.0634686254034
katoomba,379.32001697783744
katoomba,333.74411636597927
katoomba,124.70501371590667
katoomba,876.3803864501334
katoomba,1067.916837432232
katoomba,1396.663484293688
katoomba,1333.6490740074216
katoomba,397.75880549601584
katoomba,175.81057748890635
katoomba,981.8557015826206
katoomba,1426.7678727005527
katoomba,1205.4170009929635
katoomba,341.8833928405998
katoomba,1149.4070301515376
katoomba,1198.5435109102987
katoomba,215.64782832771874
katoomba,706.3641788509314
katoomba,1430.4752576471944
katoomba,1283.6288582831057
katoomba,956.5673651873835
katoomba,1172.552896202168
katoomba,898.2793081678598
katoomba,1030.121865307004
katoomba,772.4229854760401
katoomba,1344.0459515035195
katoomba,329.82480100551663
katoomba,1144.4790117621817
katoomba,1124.9673097988027
katoomba,1005.4860234081527
katoomba,1202.5133544808045
katoomba,1296.7135073063166
katoomba,807.4343442489397
katoomba,866.1330103605491
katoomba,687.1213365199627
katoomba,443.02886102490464
katoomba,620.2413456830209
katoomba,139.82964826018969
katoomba,516.728196373465
katoomba,584.9331693523286
katoomba,116.67930814360506
katoomba,944.1209657282361
katoomba,1022.736982820089
katoomba,1328.2521602504535
katoomba,114.69875876432346
katoomba,332.27585862255586
katoomba,1082.0017096938882
katoomba,877.0064658589944
katoomba,361.9003168744784
katoomba,1047.2427294872248
katoomba,734.8602761480348
katoomba,647.6932558980176
katoomba,161.45298966505172
katoomba,137.10506694304166
katoomba,526.888907713475
katoomba,1217.9716259266181
katoomba,714.051791690969
katoomba,607.0526503392118
katoomba,458.1733130491638
katoomba,817.737206479659
katoomba,1340.5160313174458
katoomba,1078.7765115174047
katoomba,992.5912683735864
katoomba,1328.090497311861
katoomba,660.8150542183826
katoomba,736.6997380726384
katoomba,883.6421034689447
katoomba,988.5731854813386
katoomba,818.0907306748238
katoomba,1221.7404919967994
katoomba,659.9164310580385
katoomba,1261.0857778317554
katoomba,1380.0809547108056
katoomba,704.9447126313286
katoomba,206.6948859790708
katoomba,1473.887167470654
katoomba,433.2497033808617
katoomba,515.4824483785358
katoomba,399.4415535503085
katoomba,1369.9630189792142
katoomba,838.5492557577289
katoomba,289.70052585571307
katoomba,983.5700988557871
katoomba,524.9432170985442
katoomba,705.493370099922
katoomba,102.95889681545856
katoomba,1421.0841511376834
katoomba,555.617206251157
katoomba,351.2610800805709
katoomba,1166.5901486483492
katoomba,1262.0195124622267
katoomba,309.1621750084264
katoomba,828.0849558767785
katoomba,348.61384008157165
katoomba,443.9212795696921
katoomba,1180.3961329917138
katoomba,1435.2705515910873
katoomba,1307.8919158951146
katoomba,1157.6822867017372
katoomba,737.6762113697704
katoomba,1285.405823283727
katoomba,348.9909000894436
katoomba,989.7796598948595
katoomba,1046.5977559978764
katoomba,235.5154159620197
katoomba,1376.9813658777587
katoomba,770.5526309683232
katoomba,649.5461663821144
katoomba,227.9964594197003
katoomba,865.3651089450699
katoomba,632.1069300140177
katoomba,1405.5619554971559
katoomba,303.2697344592534
katoomba,1055.432698062068
katoomba,545.799478729041
katoomba,122.69141940640928
katoomba,884.1763745007103
katoomba,1327.2629919249462
katoomba,511.82529382985365
katoomba,149.09250533749207
katoomba,442.8592923307437
katoomba,1336.1179979228828
katoomba,1427.7291111274733
katoomba,915.67913506815
katoomba,236.23530905984938
katoomba,667.878489270101
katoomba,1183.4526416139122
katoomba,1423.9023322812172
katoomba,604.5872696195215
katoomba,499.1288522892222
katoomba,630.8295330526219
katoomba,729.0529366582438
katoomba,252.96230405951695
katoomba,350.1519446966014
katoomba,785.9369484048866
katoomba,873.7522518099871
katoomba,1494.9615490837355
katoomba,1145.322580315824
katoomba,531.0208172315018
katoomba,471.57839765036584
katoomba,117.27689171727762
katoomba,152.59063240900048
katoomba,648.0868881197654
katoomba,925.2501446258955
katoomba,1021.4819542376549
katoomba,1090.4021093637677
katoomba,1152.4735214295736
katoomba,679.196571345109
katoomba,268.4902458175337
katoomba,517.7700114340355
katoomba,985.7438145714476
katoomba,546.6491164239458
katoomba,1435.5667945862651
katoomba,1128.8359024651854
katoomba,1246.1535857364604
katoomba,480.886132618532
katoomba,490.47127145328875
katoomba,1239.46873113545
katoomba,136.09050359053887
katoomba,315.9530281922433
katoomba,217.51871176709298
katoomba,300.9874131775082
katoomba,658.1055709059243
katoomba,115.15391687300627
katoomba,620.4104756827331
katoomba,1137.5490590096674
katoomba,1465.4576327735253
katoomba,1215.935107939615
katoomba,1308.8426495168599
katoomba,576.4369427201636
katoomba,305.7359699639713
katoomba,622.8746101080177
katoomba,1375.7896646673762
katoomba,760.8191498186843
katoomba,822.3511483999617
katoomba,660.3746515447981
katoomba,167.20130693527216
katoomba,1035.7807987189667
katoomba,792.1826867599899
katoomba,332.9174128550468
katoomba,456.731474605104
katoomba,100.06319310050047
katoomba,566.1720205619606
katoomba,494.7987004739758
katoomba,517.0285652174889
katoomba,1015.2365807000472
katoomba,103.9996358807461
katoomba,1012.3486079383136
katoomba,982.5158381688253
katoomba,297.0067289269999
katoomba,687.0719965244424
katoomba,709.1126830167525
katoomba,1144.4792627420898
katoomba,484.97258661513405
katoomba,329.5453061053805
katoomba,164.5392355287569
katoomba,624.022006347715
katoomba,741.0018669106767
katoomba,444.51335415273815
katoomba,842.7158417634221
katoomba,659.6525959543822
katoomba,1222.9725121533666
katoomba,1355.7618530944249
katoomba,1428.5911513110284
katoomba,656.7553049444708
katoomba,948.0629324543415
katoomba,1322.1693143162388
katoomba,1176.5982418940673
katoomba,118.60611079110721
katoomba,1387.389270181236
katoomba,1324.0286126981566
katoomba,1059.2721993429918
katoomba,1175.0964481465649
katoomba,1315.3448444223902
katoomba,645.8081131165169
katoomba,1297.3679393547702
katoomba,1145.401857762164
katoomba,545.5972349776525
katoomba,1262.4292166511707
katoomba,863.9405951174855
katoomba,303.2299880223425
katoomba,922.8350638613248
katoomba,137.67722839227437
katoomba,878.9871439508676
katoomba,1152.267036835176
katoomba,461.27190316392495
katoomba,941.3793406112723
katoomba,473.6423995906336
katoomba,919.8646974877901
katoomba,1434.9956260419997
katoomba,1051.954513868876
katoomba,1354.2690024743401
katoomba,1254.4144685943093
katoomba,1367.663902572565
katoomba,989.5147226925761
katoomba,367.69587085267284
katoomba,1308.5286224855554
katoomba,987.9351147145129
katoomba,1153.8658810173263
katoomba,1368.420612126573
katoomba,464.00527442871737
katoomba,1064.572922474252
katoomba,996.0074593653692
katoomba,383.88174659137536
katoomba,686.8926190698184
katoomba,1105.278573358052
katoomba,1120.9555623380193
katoomba,708.6472062186162
katoomba,1258.2533187001834
katoomba,955.7965528245078
katoomba,420.37112806033343
katoomba,493.6345532358801
katoomba,1398.0242157951166
katoomba,400.45239330226315
katoomba,1222.4849247206794
katoomba,1217.609345284505
katoomba,1348.9418983486573
katoomba,942.0072557096806
katoomba,426.18638114398436
katoomba,1472.6271192050751
katoomba,640.3779605608229
katoomba,1020.0032675980934
katoomba,1340.9101837674245
katoomba,505.5445760702418
katoomba,918.4140237042302
katoomba,430.9852681487124
katoomba,1104.374911220465
katoomba,589.3926764443734
katoomba,1489.3415736907373
katoomba,1004.1232222890094
katoomba,1458.4548812734981
katoomba,716.960017314243
katoomba,801.6904194949083
katoomba,250.49002996116917
katoomba,930.8909004613777
katoomba,195.54445324765015
katoomba,767.3385977795521
katoomba,1486.9453437488353
katoomba,1111.2817339152573
katoomba,449.3933599545198
katoomba,968.768247930373
katoomba,574.4265574171789
katoomba,1319.2656649764172
katoomba,1121.2646972321704
katoomba,640.3170771243147
katoomba,557.7571391111403
katoomba,846.0980718331447
katoomba,750.1039996747663
katoomba,1398.3197797263035
katoomba,1497.5411405660543
katoomba,1009.4019902514412
katoomba,705.6834280308913
katoomba,1222.5195025483342
katoomba,721.8052862366843
katoomba,1339.1899261837555
katoomba,430.86267381095314
katoomba,1438.6507650077078
katoomba,1440.0188901610725
katoomba,900.4692120412944
katoomba,788.136610534317
katoomba,978.4734127858686
katoomba,1329.003975491845
katoomba,184.09564578176247
katoomba,1118.4103741369026
katoomba,1403.3687871181762
katoomba,467.30093572466615
katoomba,152.45873999006102
katoomba,865.565227665916
katoomba,754.7179676448212
katoomba,1156.4556086381992
katoomba,1390.242869342926
katoomba,431.7699419164091
katoomba,757.3335377377159
katoomba,863.955539324661
katoomba,1384.9399153187003
katoomba,1237.710190553651
katoomba,963.2657156663004
katoomba,371.3074142772369
katoomba,306.8338293329464
katoomba,466.87166292406516
katoomba,819.5038371872456
katoomba,1083.0710371310638
katoomba,379.2646682940718
katoomba,976.7519930858815
katoomba,1059.5437328560374
katoomba,138.8407032976879
katoomba,1083.783681775014
katoomba,143.12306541270337
katoomba,1138.6413431427602
katoomba,1005.3011790627052
katoomba,829.5681235027959
katoomba,1203.0313484245255
katoomba,557.9749367927152
katoomba,947.4852533540932
katoomba,1263.9261459026889
katoomba,295.7243045619389
katoomba,872.7181249180579
katoomba,1021.5236991581651
katoomba,280.5247716778557
katoomba,337.69933456006703
katoomba,730.52923223643
katoomba,924.2266675077667
katoomba,365.58612059694246
katoomba,893.7557548696429
katoomba,417.5966482676155
katoomba,698.8576344930989
katoomba,1313.2726594722699
katoomba,569.2645387980413
katoomba,140.37562034138728
katoomba,677.5288626310115
katoomba,203.87182441959237
katoomba,676.6339238857945
katoomba,1443.5191049429507
katoomba,1063.7576156330101
katoomba,201.0635936283118
katoomba,650.3949262316273
katoomba,927.6293946501535
katoomba,685.5746222155651
katoomba,531.9023867009893
katoomba,344.13430303682196
katoomba,1429.1150588794096
katoomba,680.3871248341899
katoomba,737.2544429920789
katoomba,417.1587246998343
katoomba,130.62118816170764
katoomba,232.93606473048266
katoomba,759.5072513450715
katoomba,814.8365390939053
katoomba,789.5796499445353
katoomba,1411.1682017464943
katoomba,1060.2536812198578
katoomba,598.6583039841928
katoomba,1484.320931907291
katoomba,225.5461546045314
katoomba,212.79585934502612
katoomba,1337.4271833270532
katoomba,613.0529208339561
katoomba,643.7438199558503
katoomba,586.1615855270957
katoomba,885.7829290882913
katoomba,514.4691679746974
katoomba,323.4535946165702
katoomba,172.18581739376458
katoomba,1398.6961483703437
katoomba,1272.8489389156082
katoomba,785.6542005367427
katoomba,1437.215879314445
katoomba,334.47746889200613
katoomba,1209.5105850392818
katoomba,1127.7585329858655
katoomba,197.01883190948652
katoomba,217.1526245166731
katoomba,924.3483859465266
katoomba,1041.371255385923
katoomba,898.5154528254363
katoomba,798.3755926940095
katoomba,833.593569484043
katoomba,188.60989340364287
katoomba,764.8146674910079
katoomba,267.25217666618903
katoomba,842.2610037979065
katoomba,1169.9418365566535
katoomba,977.0020293317417
katoomba,870.9669537422028
katoomba,1239.1927513118637
katoomba,614.5091706715115
katoomba,198.334293373121
katoomba,768.5222072073788
katoomba,950.082359463966
katoomba,248.7815136101526
katoomba,456.2026461307218
katoomba,1224.7353691223045
katoomba,248.9170557992971
katoomba,279.0730719288128
katoomba,1305.6138408941174
katoomba,999.4407350584245
katoomba,902.988240669184
katoomba,781.3338720859001
katoomba,310.30896105640386
katoomba,810.7769611418656
katoomba,435.44258469410295
katoomba,1288.6827894542257
katoomba,1214.5428968589329
katoomba,1054.0045382241872
katoomba,355.9678306292353
katoomba,571.8120067165678
katoomba,334.29422791781167
katoomba,674.4136940673986
katoomba,809.3556022342145
katoomba,1413.937857019031
katoomba,509.4446103214944
katoomba,1456.5904246258124
katoomba,381.1637266212524
katoomba,1166.653769619336
katoomba,416.2268734878052
katoomba,682.112394265135
katoomba,502.9295078313508
katoomba,527.1112321466817
katoomba,1440.5718704103617
katoomba,509.87926583835775
katoomba,718.0619336747512
katoomba,178.41074210697298
katoomba,1216.2805363249493
katoomba,574.5170093952588
katoomba,314.36737177110274
katoomba,156.26516646639158
katoomba,716.1269672433496
katoomba,1206.8885192235055
katoomba,703.9735180892304
katoomba,284.4389091849789
katoomba,401.22086402488543
katoomba,152.68058799086907
katoomba,608.9130848586467
katoomba,544.5335803944783
katoomba,1287.5641380853665
katoomba,1196.9417332422834
katoomba,1184.4510159765136
katoomba,1141.211789717166
katoomba,739.410880518417
katoomba,273.80369746037456
katoomba,1258.1878601962842
katoomba,417.326534392749
katoomba,110.14499908255364
katoomba,327.74136274174856
katoomba,475.23490238418674
katoomba,438.1407993102312
katoomba,916.4204699145359
katoomba,300.3775138444145
katoomba,1340.5365961984457
katoomba,113.97253566711606
katoomba,1304.8498892712082
katoomba,715.7490202157618
katoomba,793.0105401630517
katoomba,124.29003192077634
katoomba,818.9465748360226
katoomba,173.80865903117055
katoomba,594.9811933926617
katoomba,846.2654304880919
katoomba,600.4791413437996
katoomba,838.3348779297077
katoomba,1345.0792000828087
katoomba,455.9949431164064
katoomba,576.3391004893832
katoomba,799.463915534066
katoomba,1486.8050514372696
katoomba,509.69302721572546
katoomba,900.2167591430117
katoomba,1420.3107805887262
katoomba,1364.7949474303632
katoomba,890.995836849507
katoomba,131.86878033922628
katoomba,1109.5668085008838
katoomba,794.5072779408672
katoomba,659.73679296006
katoomba,357.30965053177147
katoomba,473.7468985648779
katoomba,947.4360835079649
katoomba,492.85418003347564
katoomba,1090.746241221896
katoomba,534.6540129752684
katoomba,1232.977358809891
katoomba,833.8470662735532
katoomba,1086.600497508401
katoomba,1017.3564153334816
katoomba,1270.2532336926972
katoomba,491.986571533991
katoomba,311.7682698889863
katoomba,1256.4392165847942
katoomba,1010.1253669702342
katoomba,563.865967714473
katoomba,951.0076615168248
katoomba,707.5199349895955
katoomba,1380.3934222947378
katoomba,179.66960269410743
katoomba,1122.960973574901
katoomba,1265.685994366127
katoomba,126.4176728443241
katoomba,769.8965653412602
katoomba,1320.51425092087
katoomba,307.9507232320135
katoomba,754.0590379419973
katoomba,346.80498447159573
katoomba,1220.5118556133914
katoomba,248.90505292799676
katoomba,630.4856011123113
katoomba,231.35375406038102
katoomba,1248.4064526447335
katoomba,1465.567895501473
katoomba,128.1885711927668
katoomba,1074.1163613739805
katoomba,1166.839404904897
katoomba,1332.5350600795596
katoomba,1226.5395001536042
katoomba,1475.3449994654072
katoomba,198.6293916059741
katoomba,1326.3561043195405
katoomba,1164.7836938986895
katoomba,897.9156875327503
katoomba,1103.5017716812208
katoomba,406.9236957608794
katoomba,714.3092227115695
katoomba,1202.8075311566902
katoomba,701.2911144411892
katoomba,1070.7805386138857
katoomba,1132.0016093504623
katoomba,1325.5359126680448
katoomba,1130.881823167722
katoomba,485.97512878570234
katoomba,1388.5948080566652
katoomba,748.8021067853897
katoomba,790.7220444800739
katoomba,1455.0671773676331
katoomba,1036.499505602103
katoomba,1060.691072170608
katoomba,419.2269348716726
katoomba,1022.9107117284302
katoomba,587.8364660428508
katoomba,1121.235195894008
katoomba,488.74425799751793
katoomba,1227.1116544720421
katoomba,1155.8918163129947
katoomba,1399.439056443165
katoomba,380.7984523949557
katoomba,955.4007920509856
katoomba,814.8520500953131
katoomba,1109.806350512455
katoomba,676.7494742333931
katoomba,598.0969191431959
katoomba,576.2744662030051
katoomba,202.23718544472462
katoomba,957.8654857609939
katoomba,850.4501785001985
katoomba,187.01453819651022
katoomba,272.1000541587652
katoomba,1447.8761871484512
katoomba,1376.395146988603
katoomba,907.0202483431859
katoomba,147.1821874486637
katoomba,560.1222590595112
katoomba,1466.9248068112156
katoomba,413.678107043006
katoomba,676.5341201251412
katoomba,583.2424868786304
katoomba,822.0035454167787
katoomba,310.20577808552383
katoomba,437.9576347788418
katoomba,218.28378008810262
katoomba,572.9029659230578
katoomba,1266.8906369250954
katoomba,1140.1060804800206
katoomba,591.6940044113533
katoomba,286.1688133183822
katoomba,216.67473088895662
katoomba,930.9693680882247
katoomba,1288.5441696649625
katoomba,1489.675321231445
katoomba,415.8262655094061
katoomba,482.2191297796341
katoomba,1049.5933557358373
katoomba,1093.116770037456
katoomba,927.6802530239935
katoomba,273.1427442547688
katoomba,860.1627115179737
katoomba,1394.725066865317
katoomba,451.91265578698494
katoomba,270.29563010932355
katoomba,1430.396743595199
katoomba,650.93940249489
katoomba,1133.5432654123647
katoomba,804.6861244003247
katoomba,119.41271440653423
katoomba,1413.9724533764265
katoomba,976.1122885262974
katoomba,1413.72082861203
katoomba,382.7810803856335
katoomba,911.2255775409076
katoomba,110.50729325939747
katoomba,1497.2230359570294
katoomba,588.5533465930429
katoomba,1466.9694353167708
katoomba,374.549951929208
katoomba,684.0618642768308
katoomba,1031.007674132205
katoomba,926.4087310805435
katoomba,699.5963770418397
katoomba,937.1677603194628
katoomba,212.96560643075094
katoomba,819.4872866813314
katoomba,781.180059415165
katoomba,616.8887121966548
katoomba,165.34166667509484
katoomba,128.5596898900808
katoomba,1335.6679994581248
katoomba,342.73059474408205
katoomba,655.7335544930513
katoomba,438.62809534641605
katoomba,734.3548834502267
katoomba,751.9778300612771
katoomba,783.1957804281797
katoomba,109.13131317410749
katoomba,657.3993972539986
katoomba,416.0248991344937
katoomba,1354.5273308759931
katoomba,476.1628199917268
katoomba,983.721565241476
katoomba,1180.9008635000546
katoomba,538.4469412315168
katoomba,864.3905858048357
katoomba,530.7409389520203
katoomba,137.62725734377432
katoomba,425.27953247819784
katoomba,1226.1706357223704
katoomba,616.7519348579985
katoomba,1253.5004844208815
katoomba,1236.0405292691535
katoomba,804.7512020839197
katoomba,124.37767824976265
katoomba,548.0416763837546
katoomba,863.9539565572528
katoomba,486.11444284167465
katoomba,1458.4404645958957
katoomba,618.9960737553097
katoomba,1088.2233821587974
katoomba,999.8729470384183
katoomba,808.1034028510882
katoomba,200.0200185813287
katoomba,892.0754306443258
katoomba,155.2741473464343
katoomba,1414.9955008218762
katoomba,1147.548659149354
katoomba,749.9701725357252
katoomba,912.6548801096291
katoomba,1352.4753078159986
katoomba,220.67138355168842
katoomba,475.0037460285551
katoomba,955.7992232103977
katoomba,511.6633882171094
katoomba,1323.5437583576677
katoomba,906.4761976879017
katoomba,1410.2888946407602
katoomba,1408.2736244985417
katoomba,888.1513328801202
katoomba,1344.093795405657
katoomba,1259.752388252615
katoomba,283.2474430028544
katoomba,191.99014888814574
katoomba,802.4527479171073
katoomba,432.226686022875
katoomba,255.738546742176
katoomba,876.2686722389205
katoomba,1458.8729879684422
katoomba,618.0536986882365
katoomba,1227.1024866351088
katoomba,339.4321948222949
katoomba,788.9405420838032
katoomba,1148.5936793359267
katoomba,467.13274277036123
katoomba,864.4329124387118
katoomba,421.97723581674535
katoomba,744.8908572739377
katoomba,1150.9717870419192
katoomba,1489.8914134725132
katoomba,911.7620688862428
katoomba,1171.6954982014747
katoomba,1233.925263929571
katoomba,652.8590775142444
katoomba,984.5950722606401
katoomba,1162.1499490117856
katoomba,472.65598849199176
katoomba,1050.9908160636444
katoomba,819.4034963575848
katoomba,1111.1032108260297
katoomba,312.2723756366735
katoomba,1050.8106474587726
katoomba,920.6474286609762
katoomba,460.277030412757
katoomba,1287.8090426162032
katoomba,1075.2395395437616
katoomba,441.48500852382864
katoomba,701.3097772507062
katoomba,773.3279210136327
katoomba,1387.0634163445336
katoomba,1141.078803867585
katoomba,127.94756894955634
katoomba,1005.48401655573
katoomba,433.0532824772695
katoomba,1282.3458646606398
katoomba,1259.6463430747988
katoomba,364.12931810598155
katoomba,510.2877868955416
katoomba,763.1812422030875
katoomba,674.6160942405386
katoomba,983.2296027097676
katoomba,880.4857175151055
katoomba,1357.8172478380075
katoomba,767.9738029807593
katoomba,703.02696778638
katoomba,408.8693918950178
katoomba,128.4244856356896
katoomba,496.42468870587976
katoomba,1008.8969666839522
katoomba,1015.321737486184
katoomba,419.52820384816056
katoomba,1217.443674623017
katoomba,1260.991514606437
katoomba,436.77818343159043
katoomba,553.0185153147386
katoomba,212.57704113295847
katoomba,1200.606125243974
katoomba,485.08611207388714
katoomba,1231.8524009802238
katoomba,1121.8905087593853
katoomba,130.02158668022543
katoomba,1187.947773403041
katoomba,1173.4679116009343
katoomba,934.9114370729812
katoomba,398.59796838213526
katoomba,404.54502460744226
katoomba,355.8198385383358
katoomba,1481.3446916725022
katoomba,1468.7747317403264
katoomba,955.3925283621363
katoomba,730.1716274035174
katoomba,1355.3525410686934
katoomba,1304.0575353595896
katoomba,1005.192692658721
katoomba,1414.5436938393914
katoomba,1046.5181219259243
katoomba,1311.9525476504487
katoomba,767.7747192432504
katoomba,1345.1474569409484
katoomba,1474.3048215017798
katoomba,374.52995357774216
katoomba,258.17406772322977
katoomba,511.15458521386
katoomba,758.1192545885407
katoomba,539.2091724711893
katoomba,914.1746433598395
katoomba,1384.7094167650453
katoomba,1118.6328015653835
katoomba,361.00667044204636
katoomba,844.5665173764137
katoomba,1202.320365767446
katoomba,1428.914292696104
katoomba,572.909097478551
katoomba,1004.2470705497464
katoomba,345.974450567706
katoomba,1375.882652612647
katoomba,833.3591490468607
katoomba,922.7439179494037
katoomba,355.1188410558093
katoomba,807.3418495561997
katoomba,525.4413208133417
katoomba,251.22798462490488
katoomba,266.3196833080081
katoomba,962.2742358674515
katoomba,1236.991065794137
katoomba,1395.632998612448
katoomba,150.2885522970657
katoomba,710.9043336584241
katoomba,624.9207964973556
katoomba,678.4856716387906
katoomba,707.6469684250438
katoomba,309.2046406980027
katoomba,641.5892213697774
katoomba,303.6181359750085
katoomba,1481.5824069810255
katoomba,1375.6535128903085
katoomba,1078.079179436115
katoomba,149.421770846396
katoomba,895.6675341171948
katoomba,747.6753106942774
katoomba,355.49078301832844
katoomba,139.10910825521356
katoomba,1300.551833273024
katoomba,571.2730386682948
katoomba,1116.7620006658324
katoomba,1489.0681001965797
katoomba,452.09655550441516
katoomba,110.78107657246045
katoomba,248.17303019731122
katoomba,493.4706569181593
katoomba,1492.9303947720548
katoomba,1064.8909584703383
katoomba,841.5539534392777
katoomba,176.8082925399273
katoomba,1018.7598490748572
katoomba,450.2612882016767
katoomba,876.6854651625791
katoomba,162.00401904812958
katoomba,831.0406139771989
katoomba,251.6479275630281
katoomba,997.3247442832102
katoomba,324.6027829096795
katoomba,1070.2519456110458
katoomba,828.7149551984467
katoomba,901.3938806406785
katoomba,474.40473715450105
katoomba,802.4798993316647
katoomba,747.2478014132614
katoomba,671.5290039886178
katoomba,162.29743347532698
katoomba,1407.773386492006
katoomba,377.0260605929376
katoomba,883.0407271448394
katoomba,127.51142009917487
katoomba,716.746963714319
katoomba,872.8899108586256
katoomba,942.5644489862689
katoomba,1445.5373342898708
katoomba,1179.59240140157
katoomba,332.6048623431261
katoomba,948.1358096834264
katoomba,1071.9690315353037
katoomba,395.0346351716243
katoomba,1012.4572268953464
katoomba,1283.2252652843188
katoomba,1264.200870006198
katoomba,333.65282749344647
katoomba,1053.3359432216093
katoomba,109.50997248334514
katoomba,402.4738536368342
katoomba,1451.281082246646
katoomba,439.5344059484684
katoomba,1178.2822584877479
katoomba,898.6877889495318
katoomba,451.4237056813929
katoomba,298.52578057740254
katoomba,1172.843134473544
katoomba,592.5062561265436
katoomba,1193.460758213901
katoomba,1403.9150238554798
katoomba,942.6781043317313
katoomba,684.0737463870927
katoomba,400.70029708668244
katoomba,196.32315559454383
katoomba,198.00516424791545
katoomba,1363.647608129534
katoomba,739.7868414199161
katoomba,1368.8631620502156
katoomba,188.21306517467679
katoomba,406.03954298308713
katoomba,897.767138001227
katoomba,390.6294323813499
katoomba,1235.74319492895
katoomba,700.020179248113
katoomba,704.4282887697419
katoomba,1243.459006069113
katoomba,929.2982851507772
katoomba,118.21753269847757
katoomba,1170.6936992038093
katoomba,690.211711641759
katoomba,136.32673711956494
katoomba,1124.0004539986967
katoomba,655.2149842378539
katoomba,195.80374793500863
katoomba,102.07661877025049
katoomba,182.82052604678745
katoomba,383.187402579779
katoomba,281.81543741626615
katoomba,493.88067963067635
katoomba,672.671758897286
katoomba,1358.7806307766878
katoomba,1421.5817757001464
katoomba,313.33722384830764
katoomba,638.1745564165255
